modelId,type,text,brandId
VkFhcGhScll5YnlBRWJlRkhxVXorUT09,model,MERCEDES Clase A,RTE4d1UyZ2tuM1J5NEpnN2h2TWNRQT09
QXp5dEc0Y0kzdVVMdGttUmtwWkFkZz09,model,NISSAN Qashqai,cVJNcDFndlh3NGpGV3cxVlQyMVNRZz09
VkJENWpRb2JHYnNIWFpPeVZHallvQT09,model,VOLKSWAGEN Golf,Rmt1aVBPQ2tlZTh3UWo1Wlh4WDhodz09
Vlk2SktLaSswWHo5V2tIcjkwakhUZz09,model,FIAT 500,RjBRWVpEeWkyK1NXSU9TdDRUejZrUT09
dFB5bVdXblVrZ1ZqdzJYVWRmdHRjZz09,model,PEUGEOT 3008,MUY1TktUZHJVVVVhTXZzNW9ZbVBRQT09
MmV2anhlRXhrcFo3VlZGSHhud1R1QT09,model,CITROEN Berlingo,WmtTNmd6dm5FSjRoYmgzT0FvZExtUT09
VkhxRTUyWmVJNDZXWm1pTDVBVWN1dz09,model,PEUGEOT 2008,MUY1TktUZHJVVVVhTXZzNW9ZbVBRQT09
QzU5YzZKNytnb0NtU05YRHBvRTVOVWQzQ2xlTDdPTWRhRUlqbngyRG9qMD0=,model,SEAT León,UXMza1hTZVMxMjRENWVFNzJvVEsvQT09
Z1cya2dCUzNlWEVMV21NMkQ5YVprZz09,model,KIA Sportage,Q3JoYldqOVVWKzFnU0RTZzB3OWhQQT09
UUdmR3N2ZHgwWW5JaFA0RVEvcFpHdz09,model,HYUNDAI Tucson,MHQ2ckFFSHQ0T09lcTFsQkNVQXNQZz09
SlRaMWY3UWhuOU8rck1vaXc0UHovQT09,model,PEUGEOT 208,MUY1TktUZHJVVVVhTXZzNW9ZbVBRQT09
aHZOTUtNWFZpYzBSOXpPbzNuSzNWZz09,model,RENAULT Clio,cGxsWUkzNnRsczVjWmJ0clVNa3J3UT09
dVhSYVRxcjMweHFTMUNxMC9XME5SQT09,model,CITROEN C4,WmtTNmd6dm5FSjRoYmgzT0FvZExtUT09
TlVEYVRQTmF4RkU5anFxbUVBTE0xQT09,model,OPEL Corsa,M1ZldjBpN2NXUW1JbzJIWVVYV0lPZz09
UTIwbUlldkh5UFg5RHdLbXN4SE14UT09,model,PEUGEOT 308,MUY1TktUZHJVVVVhTXZzNW9ZbVBRQT09
VWFoeTdHWGxOMW13NmVpZExrWVFoZz09,model,FORD Focus,WjFqUXZyWFN3TDVZSzdHeGZjaFllZz09
TEpBUS8yRzJweDc1Z2NXcEJLTHh2QT09,model,MERCEDES Clase C,RTE4d1UyZ2tuM1J5NEpnN2h2TWNRQT09
NTJEbm5rU1FkcnQwZmZlREE4RFowdz09,model,FORD Kuga,WjFqUXZyWFN3TDVZSzdHeGZjaFllZz09
UXpaUCtyN0pqc2E1U1hLNlVOOUJJZz09,model,AUDI A3,WFp4MlJjK2xyKzJsdHFRaXlqK2M4dz09
WXRQVjFLaXdTaDhDQ21HVExHZEZsdz09,model,SEAT Ibiza,UXMza1hTZVMxMjRENWVFNzJvVEsvQT09
WmoyWHVJZGtscldWczFpbW0rcVNWdz09,model,VOLKSWAGEN Polo,Rmt1aVBPQ2tlZTh3UWo1Wlh4WDhodz09
bnFpQ0N2Y0t6dmxsMVM1V3R6ZG84UT09,model,KIA Ceed,Q3JoYldqOVVWKzFnU0RTZzB3OWhQQT09
ZFlpY0JzV1ZHdVh1NGE5c2YveUovUT09,model,CITROEN C3,WmtTNmd6dm5FSjRoYmgzT0FvZExtUT09
VENsT01nR3k0OVNkZ1lsVE5JS2lxUT09,model,BMW Serie 1,Rm00dmdvZUYxZy9MbGhsWlJhKzllQT09
QWQzdmMvekUzdURmck9PalpsM0M1Zz09,model,SEAT Arona,UXMza1hTZVMxMjRENWVFNzJvVEsvQT09
cTJHQ0dtRDhmOFBjQjQ2TWpqQXNBUT09,model,MINI Mini,d2wzc2V2UktReGgwMHVtNEVrUm0xdz09
aXdETmhBV29SZ1JqSi9DUmpyci9nUT09,model,NISSAN Juke,cVJNcDFndlh3NGpGV3cxVlQyMVNRZz09
UlY2MDZvQzkwYmFIZldGa2k3Y0lvc0w5a2xUem5ML0tsUmRwRlkvQnMvdz0=,model,RENAULT Mégane,cGxsWUkzNnRsczVjWmJ0clVNa3J3UT09
OXQxWS91eWliZUI1MEFPQmk4VVQ3UT09,model,VOLKSWAGEN Tiguan,Rmt1aVBPQ2tlZTh3UWo1Wlh4WDhodz09
UnA1TXR2elo0Y0VhakRNRmFhU2JlUT09,model,OPEL Astra,M1ZldjBpN2NXUW1JbzJIWVVYV0lPZz09
ZEFsMUZqdElrVHMyMUtkSEc0ODBZQT09,model,TOYOTA C-HR,cHE3cjZlTXZ0a2I1a0FtT08wK2Q1UT09
WThPZ1J1K2dNZjd2WVJNMmttampJUT09,model,BMW Serie 3,Rm00dmdvZUYxZy9MbGhsWlJhKzllQT09
ZFY2WTdpTmpiWGZEODlpVEdneGNmbjEwalNNU3M4T2k5WlJvNmhtb0tZZz0=,model,MERCEDES Clase GLA,RTE4d1UyZ2tuM1J5NEpnN2h2TWNRQT09
bTEyUDRUbmVuSTEzYXo3TGJZU2VCUT09,model,AUDI Q3,WFp4MlJjK2xyKzJsdHFRaXlqK2M4dz09
QXA3UlVLbGJmMjgybi85UEVIaTNjV05VSmJsa04wZkRHV05OMHFBYy9qRT0=,model,MERCEDES Clase GLC,RTE4d1UyZ2tuM1J5NEpnN2h2TWNRQT09
TlFMcFJKV2JqeVNQVnJHTUVEOUhScmN4MWpSdHJWby9UR1A2Umd3aXVicz0=,model,MERCEDES Clase CLA,RTE4d1UyZ2tuM1J5NEpnN2h2TWNRQT09
WWlVaS9ERGQ2Lzh2Ynh4cU5ncGRUQT09,model,VOLKSWAGEN T-Roc,Rmt1aVBPQ2tlZTh3UWo1Wlh4WDhodz09
akd6N25LQWFhZ081YWJQWVB1Y0toZz09,model,RENAULT Captur,cGxsWUkzNnRsczVjWmJ0clVNa3J3UT09
MHZTNDRDcFk2amJNeTJNSDRxcngwQT09,model,TOYOTA Corolla,cHE3cjZlTXZ0a2I1a0FtT08wK2Q1UT09
cWxia09ZZTYyK3ZDVHlFUXl3ZHEvQT09,model,VOLVO XC40,ZWE0VEgvV0hBM3RoWmc2bEE4ME4vQT09
SWxBTkIxejVVOFBDa252aWpZNkJRdz09,model,FORD Puma,WjFqUXZyWFN3TDVZSzdHeGZjaFllZz09
VVVjNTJlNUJibjVRYngxRjlBQWZhQT09,model,KIA Niro,Q3JoYldqOVVWKzFnU0RTZzB3OWhQQT09
Szlkc2VZSXBWUVhrNll6eHVuN1F5Zz09,model,AUDI A1,WFp4MlJjK2xyKzJsdHFRaXlqK2M4dz09
bE1oSElvYjUwbkI5V2xrY3EzSDB6QT09,model,RENAULT Kangoo,cGxsWUkzNnRsczVjWmJ0clVNa3J3UT09
aTZRT1V6cEZrNzgyRktFS0hUeXJjMm0wQlFDQ2lrUGwxUVIyNFlRZk5iUT0=,model,CUPRA Formentor,OGJxMEZzZ3ZVbnJ1U3FPakovKzBZdz09
Ly9vVmxEMFk5RFRGMmdSRkJ5RENDQT09,model,SEAT Ateca,UXMza1hTZVMxMjRENWVFNzJvVEsvQT09
cFJ0ZkozWUhab0Nack5zTzFHZjczdz09,model,VOLVO XC60,ZWE0VEgvV0hBM3RoWmc2bEE4ME4vQT09
Z3ArRzV6N0xocnB1aERSd0Q0VDdqQT09,model,KIA XCeed,Q3JoYldqOVVWKzFnU0RTZzB3OWhQQT09
bVQySmZ1Qk1EaVJmTUtCM1pxcytOdz09,model,PEUGEOT 5008,MUY1TktUZHJVVVVhTXZzNW9ZbVBRQT09
VlpCOTFBTmNoaThoY1ZwSFZoNnYzdz09,model,HYUNDAI Kona,MHQ2ckFFSHQ0T09lcTFsQkNVQXNQZz09
bDk2S29CTDRYTllYQ0xGdWUrbXE4Zz09,model,BMW X1,Rm00dmdvZUYxZy9MbGhsWlJhKzllQT09
elBEQTRvS091NXd0YURweEh5V09vUT09,model,AUDI A4,WFp4MlJjK2xyKzJsdHFRaXlqK2M4dz09
U0JuSVJxMjdaMnA4ZEZGRjNueXFWUGFvOEh5amcyL2NKR0p1ckdPeUR2OD0=,model,CITROEN C5 Aircross,WmtTNmd6dm5FSjRoYmgzT0FvZExtUT09
VE1IekcySGF6TnNrdGZUbncrWUVkUT09,model,MERCEDES Clase B,RTE4d1UyZ2tuM1J5NEpnN2h2TWNRQT09
MmJRYW1xV3ZrM200OVhIRzNOTGtaYVVSU1p4YXhocWRGTlUyY2VlQzYvQT0=,model,CITROEN C3 Aircross,WmtTNmd6dm5FSjRoYmgzT0FvZExtUT09
aW1KQ0p2RGUrRzgxRnd6bDlUTEhRUT09,model,KIA Stonic,Q3JoYldqOVVWKzFnU0RTZzB3OWhQQT09
YzV3akNKWUt6OUtFQU1SU3U5VDNiUT09,model,OPEL Mokka,M1ZldjBpN2NXUW1JbzJIWVVYV0lPZz09
cFJESnI2bmpFR0tzRmZ5T21VT1k3QT09,model,PEUGEOT 508,MUY1TktUZHJVVVVhTXZzNW9ZbVBRQT09
ai9KcFRSMVdKNjRMMlVsWUg1S015bjloVWdnVFlJWXZjUXJ2NFdFOEVJMD0=,model,OPEL Crossland,M1ZldjBpN2NXUW1JbzJIWVVYV0lPZz09
aE0xQlNBVnkwNmJFVkR0bG40VzVaQT09,model,PEUGEOT Rifter,MUY1TktUZHJVVVVhTXZzNW9ZbVBRQT09
a2lXN1VOczBxY09NK3BIcUJOT0ZhUT09,model,VOLKSWAGEN T-Cross,Rmt1aVBPQ2tlZTh3UWo1Wlh4WDhodz09
VXk4SFRQcXd6MlY4U3JyRXJ6L3AvUT09,model,BMW Serie 2,Rm00dmdvZUYxZy9MbGhsWlJhKzllQT09
R3gvQlVFMHAvVGgxL29MZmZDVTJxQT09,model,FORD Fiesta,WjFqUXZyWFN3TDVZSzdHeGZjaFllZz09
U0xCaW52WDhSeUZ0eVJvOHJ2N21RUT09,model,PEUGEOT Partner,MUY1TktUZHJVVVVhTXZzNW9ZbVBRQT09
YlFaV3hFY3cxemhlakQycThCOXprUT09,model,AUDI Q5,WFp4MlJjK2xyKzJsdHFRaXlqK2M4dz09
YVRQODZUWExjN0h3ekpVT2NHWXU4dz09,model,PEUGEOT Boxer,MUY1TktUZHJVVVVhTXZzNW9ZbVBRQT09
K0JVY3BQa0RnaVVwWmtaT3laOS94QT09,model,MERCEDES Vito,RTE4d1UyZ2tuM1J5NEpnN2h2TWNRQT09
Y0NRcUtxZ2N5emJJZ3VQcDlDbXFSZz09,model,JEEP Compass,TXR1T3o1YWxudGxRTFNTVlRrQ1J4QT09
Z25HWmdlRWJMNDVlc3pMcGZXV1BzRFQzZG5KdlFVdXJ5bmxwOVk5ZkdnOD0=,model,LAND ROVER Range Rover Evoque,SEZTaHlSQlEzOGF3YlJQU3RteHJydz09
cWxNdkQyMk1tOSs3WHJOOFhqNmJqZz09,model,MERCEDES Clase E,RTE4d1UyZ2tuM1J5NEpnN2h2TWNRQT09
N1oxaHF2RlNWYXhwSW9OcFIxYTdLZz09,model,VOLKSWAGEN Passat,Rmt1aVBPQ2tlZTh3UWo1Wlh4WDhodz09
NVRyTXdGNzJ5NmdQdXhSU3lLUlgrdz09,model,CITROEN Jumper,WmtTNmd6dm5FSjRoYmgzT0FvZExtUT09
OEMxcWpCNlR6ZGpXdnkvWGE5N1oydz09,model,AUDI Q2,WFp4MlJjK2xyKzJsdHFRaXlqK2M4dz09
b0RlTDNxaE96V1pyaXY3d0RSU2ZwUT09,model,OPEL Combo,M1ZldjBpN2NXUW1JbzJIWVVYV0lPZz09
Z1BxdUdvdWZNVWRKUS8xcThqMzJaQT09,model,DACIA Sandero,WkxJTjR3eVFyMEw0NE1NdlVpdm1Rdz09
bEdjYXJYNERKNzcxZ2U4NjA4YnJpZz09,model,HYUNDAI i30,MHQ2ckFFSHQ0T09lcTFsQkNVQXNQZz09
UlloUDRtL3RFUXVmeGptd2F3YzhhUT09,model,TOYOTA Yaris,cHE3cjZlTXZ0a2I1a0FtT08wK2Q1UT09
QUlEU21kOE9ma00rVUh0SHhGdTBLQT09,model,VOLKSWAGEN Caddy,Rmt1aVBPQ2tlZTh3UWo1Wlh4WDhodz09
Q2E0U1MvQjBVd29mMVZ6QmZ6VzluQT09,model,NISSAN Micra,cVJNcDFndlh3NGpGV3cxVlQyMVNRZz09
SHd4YmhuOFFmUllidE9BWWJlcGV4Zz09,model,LYNK & CO 01,RGU3L2dRMlY2dWU1RTh3TEwrQ0pFZz09
NlVaS0d2ekFQRWlvcXZVdGRXS1VLUT09,model,MAZDA CX-5,TWlnOC85bDUwdFBlYkF0aTNxL0dmUT09
UUljajZvRHVoTDRnaDFJTEs5ZTBOUT09,model,JEEP Renegade,TXR1T3o1YWxudGxRTFNTVlRrQ1J4QT09
Q24rTks1U2trZzMveEhkcWVyQkhEdz09,model,HYUNDAI i20,MHQ2ckFFSHQ0T09lcTFsQkNVQXNQZz09
Z25HWmdlRWJMNDVlc3pMcGZXV1BzUElPSVB5bEQyWENxSDhvS0ZQb0ZMZz0=,model,LAND ROVER Range Rover Sport,SEZTaHlSQlEzOGF3YlJQU3RteHJydz09
YmYyaE1wRFZQcGNBei9pdmwxTFhobm54NFRvOGY3WGZWeVFyeWpuYlFhZz0=,model,DS DS 7 Crossback,NEJNZExaUXN0N0RUT0RUUVBpV0llZz09
cllObVBXRkVCbU5sS240TTIyZHhRZz09,model,BMW X2,Rm00dmdvZUYxZy9MbGhsWlJhKzllQT09
V2pySmZpZWZzVUtUVC8wYXZic2hIQT09,model,SKODA Fabia,M3pIdHI5TTY0Um1vbWpmdGdRRU5zZz09
d0tEUjIxRnduQ0Z2dENSb2dCSm1aUT09,model,AUDI A5,WFp4MlJjK2xyKzJsdHFRaXlqK2M4dz09
dmhjWXY1YjhORGhLSHdLTzBRNVladz09,model,BMW X3,Rm00dmdvZUYxZy9MbGhsWlJhKzllQT09
WGxHeCtTZlB2ZER5R3R2amNVdVpYdz09,model,BMW Serie 5,Rm00dmdvZUYxZy9MbGhsWlJhKzllQT09
bEJBdEFGZ0NGRXNqMEdlRkZPK1JJWDFNWjB1ZXpkNGhsejc4THhpMnRvaz0=,model,MINI Countryman,d2wzc2V2UktReGgwMHVtNEVrUm0xdz09
U3ZJSEt3ckN4TkJhSTR4SHlOUGN5dz09,model,CITROEN Jumpy,WmtTNmd6dm5FSjRoYmgzT0FvZExtUT09
YXFDRWd0Z1BhcnMyK25VdnF6QVVGdz09,model,FIAT Tipo,RjBRWVpEeWkyK1NXSU9TdDRUejZrUT09
RnlzUDJ3a3JVaHltWDR6WWw4UjM0UT09,model,MERCEDES Citan,RTE4d1UyZ2tuM1J5NEpnN2h2TWNRQT09
TG1KcnJIMmk3VDdHMEpJMzB3OVZiUT09,model,MG ZS,UEtHRFJYbUtOZXZpOUp5NDltNUZJUT09
TDFicHd6blVHWDhvQjNEeEFPZ1ZqZz09,model,DACIA Duster,WkxJTjR3eVFyMEw0NE1NdlVpdm1Rdz09
UEw3ODJkbkw4MEdZZ3c4SDJSUkpWZz09,model,MG HS,UEtHRFJYbUtOZXZpOUp5NDltNUZJUT09
d3JYWktqQlJLZDFpMXRCbit0TE5wdz09,model,OPEL Insignia,M1ZldjBpN2NXUW1JbzJIWVVYV0lPZz09
L2x4VXlVL1lCZmRsY2tPeWMyVytLUT09,model,MAZDA CX-30,TWlnOC85bDUwdFBlYkF0aTNxL0dmUT09
RTI0UXg2Mk9hTDZBV2tjU1FOTHRKQT09,model,NISSAN X-Trail,cVJNcDFndlh3NGpGV3cxVlQyMVNRZz09
MlVsZnVTandZUyszZlZjMlNmTThGQT09,model,RENAULT Scenic,cGxsWUkzNnRsczVjWmJ0clVNa3J3UT09
dTdqRUdFVUZidlFkQXZDUHhLWnBXQT09,model,DS DS4,NEJNZExaUXN0N0RUT0RUUVBpV0llZz09
Tk1uTzUwZ2lSdTA1YWtkNUVtSmlqUT09,model,FIAT Panda,RjBRWVpEeWkyK1NXSU9TdDRUejZrUT09
MXIyZjZ1dUZjWlVVMHBmNTBjWGlZQT09,model,SKODA Karoq,M3pIdHI5TTY0Um1vbWpmdGdRRU5zZz09
TGhjeG9xMWtXNm1VZERnRndXeEVTdz09,model,KIA Picanto,Q3JoYldqOVVWKzFnU0RTZzB3OWhQQT09
MHA0bTdDaFc5T3VLUWJxdzR2OWp0Zz09,model,CITROEN C4 Cactus,WmtTNmd6dm5FSjRoYmgzT0FvZExtUT09
Z0lJM2JYR0g1RXhVaFpxN2c5OWhadz09,model,RENAULT Trafic,cGxsWUkzNnRsczVjWmJ0clVNa3J3UT09
ZXpDT0lWR3RIdTJrUUR0cGlwMjNWQT09,model,ALFA ROMEO Stelvio,cG83QUFWWlpYVStPUlJLMlBQRW1JZz09
UFNxWkJjR1NSSHYzUHVlVUUvZWV0UT09,model,AUDI A6,WFp4MlJjK2xyKzJsdHFRaXlqK2M4dz09
UzR1MFVzTmFjRHFhSVc4UDEwR2Y5dz09,model,VOLKSWAGEN Taigo,Rmt1aVBPQ2tlZTh3UWo1Wlh4WDhodz09
QTEzUHNNLzVJZkxHcDR4SUN5UElRZGtoMm4xQzBOMDAxbU9rbzZ5aWxvcz0=,model,CUPRA León,OGJxMEZzZ3ZVbnJ1U3FPakovKzBZdz09
ZnMzSlViQzdQekp5T00vZ0RqcGkyQT09,model,PEUGEOT Expert,MUY1TktUZHJVVVVhTXZzNW9ZbVBRQT09
Rll4K2V0cHJXc3RCMlN1TGwxYzhBZz09,model,BMW Serie 4,Rm00dmdvZUYxZy9MbGhsWlJhKzllQT09
SlUwRHZjaDVpTWVxQ29kOGJQWXdtdz09,model,MERCEDES Sprinter,RTE4d1UyZ2tuM1J5NEpnN2h2TWNRQT09
UEdseHNKa0k3YnRKRE5jKzdwSGJLZz09,model,FORD EcoSport,WjFqUXZyWFN3TDVZSzdHeGZjaFllZz09
czhWTnRER0J5a3Ayd1hJV08waUZOQT09,model,SKODA Octavia,M3pIdHI5TTY0Um1vbWpmdGdRRU5zZz09
c3dvQmo3S1pwaW9yZGNzaFRsMW9pL0RXTlFnZDZSZ240N0VSZm9GUzI3OD0=,model,OPEL Grandland X,M1ZldjBpN2NXUW1JbzJIWVVYV0lPZz09
bjREQzZiaUV2QWdxY1Q1SUNoNDFJZz09,model,SKODA Kamiq,M3pIdHI5TTY0Um1vbWpmdGdRRU5zZz09
K0JaMGN3RnpXZ3FsT1FOSW5rMzVqSmh1QjNnREZSNXc1RXZmWkFqWVlvZz0=,model,OPEL Grandland,M1ZldjBpN2NXUW1JbzJIWVVYV0lPZz09
UWd0bXRiUEVhWkNTcWdCb2J3cFJzdz09,model,BMW X5,Rm00dmdvZUYxZy9MbGhsWlJhKzllQT09
YUFJNnNPRDVhZU41TW9QOGpoT2sxQT09,model,LEXUS UX,RCtSNWNwU0VSSmk3Rm5ESEl4K1ZUQT09
QlA3TCtaNXFabVl5TnR3L0xadUlwQT09,model,MAZDA Mazda3,TWlnOC85bDUwdFBlYkF0aTNxL0dmUT09
YzV3NHdyRGlBNE9yUE9MR1VMVk54c0FlWXlkTDhpMkNqak90QVF5VVFpST0=,model,FIAT Dobló,RjBRWVpEeWkyK1NXSU9TdDRUejZrUT09
THp1TGlYQmdzelZkOUNMTE5zdWRLdz09,model,FIAT Ducato,RjBRWVpEeWkyK1NXSU9TdDRUejZrUT09
K1pBZzVLS2lmdit6cXl6UVJvK2NCUlRQZCtVcU91MndvVnJXdC9ZWHBvQT0=,model,MERCEDES Clase GLE,RTE4d1UyZ2tuM1J5NEpnN2h2TWNRQT09
MHdMR3QxWnNqclNzWUhCaFdCZ0NVUT09,model,MERCEDES EQA,RTE4d1UyZ2tuM1J5NEpnN2h2TWNRQT09
b0R2bERXTVZQWXhYM09JUm5SdW5EQT09,model,RENAULT Kadjar,cGxsWUkzNnRsczVjWmJ0clVNa3J3UT09
Njh0OFdNL2VxQzRiQjg5QXp6bjFLQT09,model,VOLVO XC90,ZWE0VEgvV0hBM3RoWmc2bEE4ME4vQT09
bXJsOFFTalJQVzFMU2xOZ0t5cENFZjUrbTFPNjlkdlpoTmZ0ZXY4clhnaz0=,model,MERCEDES Clase GLB,RTE4d1UyZ2tuM1J5NEpnN2h2TWNRQT09
cWZFNG5pVk5ZQnlmVUlJWXRWWkkxUT09,model,FIAT 500X,RjBRWVpEeWkyK1NXSU9TdDRUejZrUT09
UXRnTXBobk1yVFBLeEVvb0VSdmwwQT09,model,OPEL Vivaro,M1ZldjBpN2NXUW1JbzJIWVVYV0lPZz09
VkdKM3k5enFsQUNCbkZCUEVJaFdHUT09,model,FORD Transit,WjFqUXZyWFN3TDVZSzdHeGZjaFllZz09
ZGdRb2ErdXpxWkNXTWVCWVUyZEEvUT09,model,HYUNDAI Ioniq,MHQ2ckFFSHQ0T09lcTFsQkNVQXNQZz09
dzVOMWIrKzJ1ell0UlBkbXRhK1hDTGkxS0Y2RHFaR1R1VmRLeDhkWXl1Yz0=,model,FORD Transit Custom,WjFqUXZyWFN3TDVZSzdHeGZjaFllZz09
SUdvOEYrZUQ2QmRlN1N4V3BhOStHUT09,model,TOYOTA RAV-4,cHE3cjZlTXZ0a2I1a0FtT08wK2Q1UT09
Z25HWmdlRWJMNDVlc3pMcGZXV1BzUDBWcXNENWY0a0ErUVhYNmhBaXZncz0=,model,LAND ROVER Range Rover Velar,SEZTaHlSQlEzOGF3YlJQU3RteHJydz09
ZlFzdjhwWkVCcWhVaUZ2dHFzYk5aQT09,model,MERCEDES Clase V,RTE4d1UyZ2tuM1J5NEpnN2h2TWNRQT09
UDJkR2toc25FL2w3anZrRncxQVE0QT09,model,VOLKSWAGEN Crafter,Rmt1aVBPQ2tlZTh3UWo1Wlh4WDhodz09
MmN2UVpkMWN3MkF3MTlIRlBudmFVdz09,model,MAZDA CX-3,TWlnOC85bDUwdFBlYkF0aTNxL0dmUT09
YjJJN29ra3Fqdld0NHJRTGtwUytBaFA5N2s3dm5SaEY5MEVDWXVjOWJlaz0=,model,LAND ROVER Discovery Sport,SEZTaHlSQlEzOGF3YlJQU3RteHJydz09
MnpienlEd29rNFUrR2g5a1AzMGVTTFJzY2V2RXBQVnJ0SWZiYUJSUFFJMD0=,model,VOLKSWAGEN Transporter,Rmt1aVBPQ2tlZTh3UWo1Wlh4WDhodz09
TzdVNEYvWUIzbzhQaCtSaCsrMW50dz09,model,IVECO Daily,aWtsVjV4aEpRM3B6UXZucDJJNE5Edz09
VzRmVmR3REw1d0JyODZVL2tLWU5xdz09,model,MERCEDES EQB,RTE4d1UyZ2tuM1J5NEpnN2h2TWNRQT09
dS95R3NKcHc1OHIwM05QUk5ublp2dz09,model,VOLKSWAGEN Touran,Rmt1aVBPQ2tlZTh3UWo1Wlh4WDhodz09
a2N3di9vbjdTZllpT29RQTZKR09EUT09,model,SKODA Scala,M3pIdHI5TTY0Um1vbWpmdGdRRU5zZz09
QjVzbE1wUStkdW96dk1NUzJWZnFjZz09,model,SUZUKI Vitara,OWgzb0QzSVlobVlxZTk4MzhxTkN1UT09
SW5OeFFTdTZmemJtQzI0V3A3YjNFZz09,model,FIAT Talento,RjBRWVpEeWkyK1NXSU9TdDRUejZrUT09
eld0K2lMYlVlVmpxRU9DdjJudURXZz09,model,TOYOTA Auris,cHE3cjZlTXZ0a2I1a0FtT08wK2Q1UT09
WTMwTUFNdllWZEllVU5Ma1Z0amkxZz09,model,JEEP Avenger,TXR1T3o1YWxudGxRTFNTVlRrQ1J4QT09
YlZNWE5GMEczOGZ3dkk2MnZicFRUUT09,model,BMW X4,Rm00dmdvZUYxZy9MbGhsWlJhKzllQT09
ZUIyUnJDdG1DWWdwVXhFeXpMcEV2Zz09,model,FORD Mondeo,WjFqUXZyWFN3TDVZSzdHeGZjaFllZz09
aTE0QkUydlNYbllldW1ERDlYNk45QT09,model,RENAULT Arkana,cGxsWUkzNnRsczVjWmJ0clVNa3J3UT09
M3hOM0Q5MXJwRzZ6aGZTbWtjOG83Zz09,model,HYUNDAI i10,MHQ2ckFFSHQ0T09lcTFsQkNVQXNQZz09
eU5GUTlZMWllOTFia0dOUTFzejA0a2hHYmJUbXF0bmc4Q2s4azBPblZaQT0=,model,FORD Tourneo Courier,WjFqUXZyWFN3TDVZSzdHeGZjaFllZz09
V25IMi8zVC9tWmRsbWJxMnZkTE9EQT09,model,HYUNDAI Bayon,MHQ2ckFFSHQ0T09lcTFsQkNVQXNQZz09
Y3lPS3M2VnZGaDBEeFo2ak9xMzFsQT09,model,JAGUAR F-Pace,MWRySXFSMFlOaFp6a0hzM2czaVRJUT09
RHFLbzhMZWxXdkF1NVRnZHJrUHhQdz09,model,VOLKSWAGEN Touareg,Rmt1aVBPQ2tlZTh3UWo1Wlh4WDhodz09
OEJKVXNsRmNpOGV2NjRRSG9ISzlTQT09,model,VOLKSWAGEN Multivan,Rmt1aVBPQ2tlZTh3UWo1Wlh4WDhodz09
Vm5ObUlobElGempiTGE1Q1Q4M1JWUT09,model,MITSUBISHI ASX,Q1o0OURsamJXQ2tYRlZLK3g2ME5uUT09
YzlPbnNacVpDaWgvK0lBTE9GRGNKR2s0RzFyV0ZkYVZEVTRqTVE2a0x5UT0=,model,DS DS3 Crossback,NEJNZExaUXN0N0RUT0RUUVBpV0llZz09
bkRtUUF5T2t3RVJqMXdIN0VaL1BDQT09,model,FORD C-Max,WjFqUXZyWFN3TDVZSzdHeGZjaFllZz09
dS8vd0V4aGNsWWp5ZFl0N1FaaUs5UT09,model,KIA Rio,Q3JoYldqOVVWKzFnU0RTZzB3OWhQQT09
dDFSVDI4SWhHVUpJMDd5Rk84L0VXUT09,model,RENAULT Master,cGxsWUkzNnRsczVjWmJ0clVNa3J3UT09
b1M4d2cxVzZXY3ZxL1UzbVYxdXk5UT09,model,TOYOTA Aygo,cHE3cjZlTXZ0a2I1a0FtT08wK2Q1UT09
d0RmbW5ZU3JHUEczTVdURUZvaWRNUT09,model,MAZDA Mazda2,TWlnOC85bDUwdFBlYkF0aTNxL0dmUT09
QytHSUNTYVpSOTZzQjF4dysxSVR1UT09,model,DACIA Dokker,WkxJTjR3eVFyMEw0NE1NdlVpdm1Rdz09
SkF3RE0wN3Q3Y1ZCZHdFVWpQemJkVE9YNXJja1J4UGtBUXJpYmg3d2dUbz0=,model,FORD Transit Courier,WjFqUXZyWFN3TDVZSzdHeGZjaFllZz09
YnRGSTZtc2FLRklPM3cvMnpXc1BVZz09,model,SEAT Tarraco,UXMza1hTZVMxMjRENWVFNzJvVEsvQT09
dlN5L21ERmxEVGU3anY1TFBXR05Udz09,model,PORSCHE Cayenne,SG8xLzJTcFQxNUE5anZpTHdlN2tsdz09
NnZrQkpaM3FkN0pLd1FEeDVlSkJlUT09,model,CITROEN C5 X,WmtTNmd6dm5FSjRoYmgzT0FvZExtUT09
MW12elRuQnpMUUVYMi8xUXlUMi96UT09,model,HONDA Civic,R0RqMUROenlmNFVBSnpURm42bGhxZz09
R2M4UXBJM2E1ZmR2cGhvRUUzT1lQQT09,model,NISSAN Leaf,cVJNcDFndlh3NGpGV3cxVlQyMVNRZz09
UGFJbnpTSlJVZmlVcnU4a1F3ejVVQT09,model,KIA EV6,Q3JoYldqOVVWKzFnU0RTZzB3OWhQQT09
YmFHZ2diNmxCU1pwdU84SGwzQzZXUT09,model,CITROEN C4 X,WmtTNmd6dm5FSjRoYmgzT0FvZExtUT09
SExJbjVTY2puSkVJNFRmSFFLakpKZz09,model,SKODA Kodiaq,M3pIdHI5TTY0Um1vbWpmdGdRRU5zZz09
RHFCZjNURkZ3K2Zpd1BEcCtPMW5iZz09,model,AUDI Q7,WFp4MlJjK2xyKzJsdHFRaXlqK2M4dz09
RjNRZVFDMzNpM3gyaDcwMytlYVhMWlovaTlxQWJSY3JuTS92aHBlbTd2ST0=,model,MITSUBISHI Eclipse Cross,Q1o0OURsamJXQ2tYRlZLK3g2ME5uUT09
T0N6bzV5ZFMzaXFtWDc0SlNVTDY2UT09,model,VOLKSWAGEN Arteon,Rmt1aVBPQ2tlZTh3UWo1Wlh4WDhodz09
SGhYWnFOOFhsZE5RR2g3TTJKNnpSZz09,model,HONDA CR-V,R0RqMUROenlmNFVBSnpURm42bGhxZz09
MnNvSTlyTER1L0RrWU00VklKTk1ISitzUWhJY1d6ZDFoTURiZ3p1ckZGST0=,model,CITROEN C-Elysée,WmtTNmd6dm5FSjRoYmgzT0FvZExtUT09
aEhyWTQvSlFYY1pPMjB2eG1nWEdaQT09,model,OPEL Zafira,M1ZldjBpN2NXUW1JbzJIWVVYV0lPZz09
OWs3bXBPS2swcGRhYmZjLzkxSmNQUT09,model,JAGUAR E-Pace,MWRySXFSMFlOaFp6a0hzM2czaVRJUT09
WUN5Qk9mUEZCd3VhMHhuQmVUbVZ2QT09,model,KIA Sorento,Q3JoYldqOVVWKzFnU0RTZzB3OWhQQT09
TXk1UkRtSEUvS0djTXRpUUJyVnd2QT09,model,MERCEDES Clase S,RTE4d1UyZ2tuM1J5NEpnN2h2TWNRQT09
TGoraVpzdDBaOTJaaEE1RjRwbVZzZz09,model,BMW X6,Rm00dmdvZUYxZy9MbGhsWlJhKzllQT09
QWQ3NnRjcjhwNEdoTTIyV1J4YzR0QT09,model,FIAT 500L,RjBRWVpEeWkyK1NXSU9TdDRUejZrUT09
V24vMXN3Tm1FTlh5emNOSkhoVWxMZz09,model,LAND ROVER Defender,SEZTaHlSQlEzOGF3YlJQU3RteHJydz09
Qndaa3pjdTZpb0VBclI4OEdwcEZrUT09,model,ABARTH 595,WFdNV1NtQndwNTF6d3J5TEgvZjJoUT09
OUJZeDlBRWdsMEV1UWpRdEpOMjFmUT09,model,ALFA ROMEO Tonale,cG83QUFWWlpYVStPUlJLMlBQRW1JZz09
Z3Mzdk5iQW5lS1NMbUtBZkZDWW5JQT09,model,LEXUS NX,RCtSNWNwU0VSSmk3Rm5ESEl4K1ZUQT09
VDBucDFheURWcWVCRDFqeTIyK3kyZz09,model,MERCEDES EQE,RTE4d1UyZ2tuM1J5NEpnN2h2TWNRQT09
a29OSExsMCsxL2xMUjJrUEhtVGVEOHUyRDgwS2lkQlNINFZQUm16L2FKVT0=,model,MITSUBISHI Outlander,Q1o0OURsamJXQ2tYRlZLK3g2ME5uUT09
V2tOd0JGRCtKWDk1RHNhaERmZFJnZz09,model,HYUNDAI Santa Fe,MHQ2ckFFSHQ0T09lcTFsQkNVQXNQZz09
ZytJR0ZQcEt1dm5EUXNMOXRzK0JuZnVYQUZ5aDVWNmNJNHU5bWNKcTZlZz0=,model,FORD Transit Connect,WjFqUXZyWFN3TDVZSzdHeGZjaFllZz09
MjR2RkwrdVpUZThDeVIyWDVzalEwQT09,model,RENAULT Talisman,cGxsWUkzNnRsczVjWmJ0clVNa3J3UT09
UDdmTjBlR040VjBSZzdvUkRCc0lVUT09,model,FORD Ranger,WjFqUXZyWFN3TDVZSzdHeGZjaFllZz09
QjVFa1A2cTQ2d3JFN25wbXB1SUU2dz09,model,PEUGEOT 207,MUY1TktUZHJVVVVhTXZzNW9ZbVBRQT09
VzZsS1pVTFEyeVBUTENJdS9KV0ZxcXJQUnZHNi9oSTZveEFjOUJPSzl1QT0=,model,VOLKSWAGEN Caravelle,Rmt1aVBPQ2tlZTh3UWo1Wlh4WDhodz09
eXhBb2RPdVo0cElZSFVGRTVBTjBodz09,model,VOLVO V60,ZWE0VEgvV0hBM3RoWmc2bEE4ME4vQT09
bTVUaURtSXJuUHlqQyt2dURtcHNwQT09,model,HONDA HR-V,R0RqMUROenlmNFVBSnpURm42bGhxZz09
ckk5OG5WQlpJcy9WNjg3SUhscTg4WE1GR1hwWWJ4dW82bXJod3JrdmphOD0=,model,TOYOTA Land Cruiser,cHE3cjZlTXZ0a2I1a0FtT08wK2Q1UT09
UmlNVVIxU2dxcEFiTXBhUVk5SXRHUT09,model,SUZUKI Swift,OWgzb0QzSVlobVlxZTk4MzhxTkN1UT09
VCtpY1hOS2hsckRoNjdxdVE5SlAxcGlUYkRlWTlDbEIzbG0xckZpaG42az0=,model,CITROEN Grand C4 Spacetourer,WmtTNmd6dm5FSjRoYmgzT0FvZExtUT09
aDd2NHRWMnNjTG90c2UrSzA0UXlQdz09,model,OPEL Movano,M1ZldjBpN2NXUW1JbzJIWVVYV0lPZz09
RlRsTm5QUkR2NVdHV2k3THZtVVVKUT09,model,JEEP Wrangler,TXR1T3o1YWxudGxRTFNTVlRrQ1J4QT09
SmdCT2dqdGUyMW1pcVhtaDRWTmJ2Zz09,model,SMART Fortwo,Ykp2aXFqd0Q0dXM5TTdmWjZCN29iQT09
S1l5UjB4cGU1d2RYNjZUUmNoUGdtS2dKV3J2b2VVdUI1SkxLLy8xQ21WQT0=,model,FORD Mustang Mach-E,WjFqUXZyWFN3TDVZSzdHeGZjaFllZz09
MDIxKzhINWs2a0M1OHdBaUhoT0NGdz09,model,SMART Forfour,Ykp2aXFqd0Q0dXM5TTdmWjZCN29iQT09
VDJFNGR2Nktjb3VWaE0xNlhhaUQ4UT09,model,DACIA Lodgy,WkxJTjR3eVFyMEw0NE1NdlVpdm1Rdz09
a1BHR3lCTFY1RktPV3RZcVNHcEJpT0pvTEV3Qkg5UjdxaGxvTkh1WFEzWT0=,model,MERCEDES Clase CLS,RTE4d1UyZ2tuM1J5NEpnN2h2TWNRQT09
ZEk5dWdEZXArT0ZFYytEbEhjcXp0UT09,model,MERCEDES Clase T,RTE4d1UyZ2tuM1J5NEpnN2h2TWNRQT09
MWVTQ1BMeEt3dkQzV1JLNHVpZUltUT09,model,PEUGEOT 408,MUY1TktUZHJVVVVhTXZzNW9ZbVBRQT09
WDJWL3dLUVE4eFVHUTB2UFk4ZlpZZz09,model,FORD Ka,WjFqUXZyWFN3TDVZSzdHeGZjaFllZz09
eTB0MEhYdnd4WDJlWnVrWFpwOTFvdz09,model,NISSAN Townstar,cVJNcDFndlh3NGpGV3cxVlQyMVNRZz09
VG9HbmdwVXVXK0J4Q2R1Ylc1YXY1UT09,model,BMW i3,Rm00dmdvZUYxZy9MbGhsWlJhKzllQT09
TS9OczhXWER5MHNSUTN1Snc1cjFzUT09,model,RENAULT Espace,cGxsWUkzNnRsczVjWmJ0clVNa3J3UT09
SVdYcWU5ems1Z2lmUzZqNUxDN2RCZz09,model,FORD S-Max,WjFqUXZyWFN3TDVZSzdHeGZjaFllZz09
S0lHV1hSNVk5c3ovTDNncHlzWGkwTGNtQU92UlFSL0tndGdGclU5eDVVQT0=,model,MERCEDES Clase CLE,RTE4d1UyZ2tuM1J5NEpnN2h2TWNRQT09
YmorQTZLUG9ETzdaOGtHNUpPeGZ0Zz09,model,VOLVO V40,ZWE0VEgvV0hBM3RoWmc2bEE4ME4vQT09
bXJvZ1ZoM2prK2FPTW1NbnphWFp5Zz09,model,SSANGYONG KGM Tivoli,UFdaVDVROFZYVXRmdTArYnl2UHZMdz09
ajUrcmZDc2w1NFloOTNYUGhzek05WW1tMyt1eCtDMW80dGVRK3hLMUVuWT0=,model,TOYOTA Proace City,cHE3cjZlTXZ0a2I1a0FtT08wK2Q1UT09
QnJKcGF0c0lJMFJJaG9MUW9VTWhOVktwMVpzaE5IRGY0L3VhZWNHdE5zMD0=,model,VOLKSWAGEN California,Rmt1aVBPQ2tlZTh3UWo1Wlh4WDhodz09
ZHN5YTBtdFZtZVNmOHpQUmgxUGpVQT09,model,MAZDA CX-60,TWlnOC85bDUwdFBlYkF0aTNxL0dmUT09
L2hNSi95OGdYOWJzUDMydHFqR2diT0p2VGxRTmEyVEVlOGdRdjZCWFVTZz0=,model,PEUGEOT Traveller,MUY1TktUZHJVVVVhTXZzNW9ZbVBRQT09
djNLVmtBdkdaU2VLNFhRY04ySmg1Zz09,model,RENAULT Zoe,cGxsWUkzNnRsczVjWmJ0clVNa3J3UT09
cTcvWjhybDIxejNtT3VRZjlta0RSQT09,model,BMW Serie 7,Rm00dmdvZUYxZy9MbGhsWlJhKzllQT09
WW9ncXZwbFZsczZkcEFKTHlUemkxamo4bk4wKzhrSlVVY3F5b1NNVXhqOD0=,model,CITROEN SpaceTourer,WmtTNmd6dm5FSjRoYmgzT0FvZExtUT09
QkozVFlub2lHQmZtWk1LMVV3aFV0dz09,model,FIAT 600,RjBRWVpEeWkyK1NXSU9TdDRUejZrUT09
ZmxVUEdrUWRuUy94UXpZT1RudGtFSWJYa2QwdnhqSnZTQ2U1SHZERW41bz0=,model,JEEP Grand Cherokee,TXR1T3o1YWxudGxRTFNTVlRrQ1J4QT09
bXZSNEcyaW5qdFVscEYyTXdkc0JEQT09,model,MAZDA Mazda6,TWlnOC85bDUwdFBlYkF0aTNxL0dmUT09
SmNFWkR0ZHl3TkR3RGh5Q08yZEQ4Zz09,model,SEAT Altea,UXMza1hTZVMxMjRENWVFNzJvVEsvQT09
ZERuMGM5QncrcE9TM2QxdXJRck9TUT09,model,SKODA Superb,M3pIdHI5TTY0Um1vbWpmdGdRRU5zZz09
b2RvRkdjYmJRVmpGUndVNkZwU3R1UT09,model,TESLA Model 3,SlJEd0xhcmp6NE8raS9saUxTdzc2QT09
d0Y4cEF1OVpiNjhmYlR6cTgzVzJNdz09,model,TOYOTA Proace,cHE3cjZlTXZ0a2I1a0FtT08wK2Q1UT09
dTFYY00xNnFwVmpGSEV2M1ZnaGFIdz09,model,MAZDA MX-30,TWlnOC85bDUwdFBlYkF0aTNxL0dmUT09
UDRiNVlBdTNLZnVmUzIzNkZhZ3MyQT09,model,KIA Carens,Q3JoYldqOVVWKzFnU0RTZzB3OWhQQT09
YmpKZmtta0VYMXFkbjIvaTBSL3pZZz09,model,PORSCHE Macan,SG8xLzJTcFQxNUE5anZpTHdlN2tsdz09
d2svaXlWR2pWdElZWHJMNDY5SDdNQT09,model,AUDI Q8,WFp4MlJjK2xyKzJsdHFRaXlqK2M4dz09
TVM0Z2czSE9YRUhhZHBSWVNRNW9qdz09,model,FIAT Fiorino,RjBRWVpEeWkyK1NXSU9TdDRUejZrUT09
U0Z1cm85MTg2Tmo1ZVJBamNzTENGQT09,model,VOLKSWAGEN Scirocco,Rmt1aVBPQ2tlZTh3UWo1Wlh4WDhodz09
bmxZZDVuNVNSQkUrbTRsNDZqdEx1dz09,model,MG 4,UEtHRFJYbUtOZXZpOUp5NDltNUZJUT09
cjZrS0ZjRVNkdDM2MGxNbDNVM0RyZz09,model,MERCEDES EQE SUV,RTE4d1UyZ2tuM1J5NEpnN2h2TWNRQT09
ak84NnAxd2tvVFZMYlhGL083SkxBdz09,model,PORSCHE Panamera,SG8xLzJTcFQxNUE5anZpTHdlN2tsdz09
MDlyK0s4MUxJMlRNeXV4V2Eza3dUdz09,model,RENAULT Austral,cGxsWUkzNnRsczVjWmJ0clVNa3J3UT09
SWc5YWlELzhEajlNUmV0blVvTnJIZz09,model,SSANGYONG KGM Korando,UFdaVDVROFZYVXRmdTArYnl2UHZMdz09
cnErbkhtOWs5UlhBeFV6NkFyMjhQQT09,model,CITROEN C5,WmtTNmd6dm5FSjRoYmgzT0FvZExtUT09
Mm9hVnVTU0phdWdNdGJKY3lLc1hudz09,model,CITROEN Xsara,WmtTNmd6dm5FSjRoYmgzT0FvZExtUT09
SnZ6c3d4dk5kYnpGazB6UWRjK0pxMi80enhMbGlWZzVRcWhsNnNaUloxST0=,model,LAND ROVER Discovery,SEZTaHlSQlEzOGF3YlJQU3RteHJydz09
dVoyVmdOWnE0ZEI0eEVWV3dKaDR0QT09,model,PEUGEOT 407,MUY1TktUZHJVVVVhTXZzNW9ZbVBRQT09
TUNpcDdWMXdkSVpSSFgrb1REZ29jdz09,model,AUDI A7,WFp4MlJjK2xyKzJsdHFRaXlqK2M4dz09
ZGFDTk9OdUdicDdoTCtBT2pEYXZYNm8wS0VSbHZYZ2laWW5YTmRpeFZRZz0=,model,FORD Tourneo Connect,WjFqUXZyWFN3TDVZSzdHeGZjaFllZz09
aHBac0NQd2VrTkFSMFVrNWtDMTJObVVrNWk3Q1BWbDlidUNrNDUrK20rST0=,model,CITROEN C4 Spacetourer,WmtTNmd6dm5FSjRoYmgzT0FvZExtUT09
emluNFQzMlQ1TG5LVnhKVHE3S0pndz09,model,CUPRA Ateca,OGJxMEZzZ3ZVbnJ1U3FPakovKzBZdz09
L2FMbEZTTHhBMXl5QmdYMFdibEdYdz09,model,NISSAN NV200,cVJNcDFndlh3NGpGV3cxVlQyMVNRZz09
a2hMUkZOeFRyRWU4bTBueDF4MVA1dz09,model,VOLKSWAGEN ID3,Rmt1aVBPQ2tlZTh3UWo1Wlh4WDhodz09
WHRsWnBMaUJWWXZLMUZsUHQwSFdkdz09,model,SUZUKI S-Cross,OWgzb0QzSVlobVlxZTk4MzhxTkN1UT09
YkZmQ1ZUSW93d2xVWlhzeGNwemdMZz09,model,CITROEN C1,WmtTNmd6dm5FSjRoYmgzT0FvZExtUT09
N3NFaG81K2JJVkg2aFBSRWR4anE1UT09,model,FIAT Punto,RjBRWVpEeWkyK1NXSU9TdDRUejZrUT09
Vk5GdmNqbGpzcTFDUm1ZOTZaUm1pQT09,model,HONDA Jazz,R0RqMUROenlmNFVBSnpURm42bGhxZz09
VUlrTVlQKzA2dkd1Z1pVOTBvTFl0UT09,model,MERCEDES Clase M,RTE4d1UyZ2tuM1J5NEpnN2h2TWNRQT09
Z25HWmdlRWJMNDVlc3pMcGZXV1BzRDN1UGNnYU5tN25XVU43TFNpRS85UT0=,model,LAND ROVER Range Rover,SEZTaHlSQlEzOGF3YlJQU3RteHJydz09
Q21oSEwrY214RkgxSHBsc3ZZTW40QT09,model,PEUGEOT 307,MUY1TktUZHJVVVVhTXZzNW9ZbVBRQT09
YnFRZm5aWDRmMEVQOU81QmwrdzlNdz09,model,RENAULT Express,cGxsWUkzNnRsczVjWmJ0clVNa3J3UT09
cmlpallGY29oUG81ck5oNTlOd2ZDVTZCdTF0eDBQWlZ2NVlVdS9iQkVaMD0=,model,MITSUBISHI Space Star,Q1o0OURsamJXQ2tYRlZLK3g2ME5uUT09
WEZad3NnSzIxVjNIRDlVL2dLVUIxdz09,model,SUBARU XV,U1pUMzZBWnh2M0dlcmt4RUkyWFhmdz09
SHhXRHpaUDN5M3lmdFZkZGVUOURyQT09,model,AUDI TT,WFp4MlJjK2xyKzJsdHFRaXlqK2M4dz09
bUIzckFUeWttQnZveXI2bE91b3lGQT09,model,SEAT Alhambra,UXMza1hTZVMxMjRENWVFNzJvVEsvQT09
WmF1S1pzK2ZwMGJYeW44aEFxN0Ywdz09,model,JAGUAR XF,MWRySXFSMFlOaFp6a0hzM2czaVRJUT09
bE5RYUoxdnBCTG1ZTkxMQ2xNbFMyUT09,model,MERCEDES EQS,RTE4d1UyZ2tuM1J5NEpnN2h2TWNRQT09
Y2JzVnpqVHpPalBKV2ZiTW93UGtZQT09,model,DACIA Logan,WkxJTjR3eVFyMEw0NE1NdlVpdm1Rdz09
T2s5WkUvenJZelVnOTgza2NrK1Q2Zz09,model,MITSUBISHI L200,Q1o0OURsamJXQ2tYRlZLK3g2ME5uUT09
Y3lhK3F1SzFOcmJQWFFGdXhTOCtVdz09,model,PORSCHE 911,SG8xLzJTcFQxNUE5anZpTHdlN2tsdz09
MWJIdmcrRjFvZzIrKzNYdjYwc0ZwZz09,model,DACIA Jogger,WkxJTjR3eVFyMEw0NE1NdlVpdm1Rdz09
RStZaFM2cXJxN0J3Z2tYNnovcGlYQT09,model,TOYOTA Avensis,cHE3cjZlTXZ0a2I1a0FtT08wK2Q1UT09
eTRnMjM5cHIxY2daV0xWaEwvY01nZz09,model,VOLVO C40,ZWE0VEgvV0hBM3RoWmc2bEE4ME4vQT09
eVp4UnZ5dlRkaFJSVkpHb0VDSWI4QT09,model,BMW Serie 6,Rm00dmdvZUYxZy9MbGhsWlJhKzllQT09
Mk16QWF1SHNtN05BSVVtQ2ZyV0toL0FkYmJNeU1JNnd0TG5uRk50bFpJdz0=,model,FIAT Fiorino Comercial,RjBRWVpEeWkyK1NXSU9TdDRUejZrUT09
MUxwT2xXYXoxd1ZBMm5pOThTRUhUQT09,model,OPEL Adam,M1ZldjBpN2NXUW1JbzJIWVVYV0lPZz09
SWQ4V0tnS0MrSlV2QzZZR0FBcVl0QT09,model,KIA EV9,Q3JoYldqOVVWKzFnU0RTZzB3OWhQQT09
eWdSZy9LUitSdzl2NkxxTjhSMDViQT09,model,RENAULT Twingo,cGxsWUkzNnRsczVjWmJ0clVNa3J3UT09
ZGVLeGNnelNCZlhUV2ZLL3lTK2hZQT09,model,TOYOTA Hilux,cHE3cjZlTXZ0a2I1a0FtT08wK2Q1UT09
bjZPN3kvWjRsOXNMdVdFd0hicVR5UT09,model,VOLVO S60,ZWE0VEgvV0hBM3RoWmc2bEE4ME4vQT09
UE04ZlFZVFQ4enNWalVBZkZxVjk5QT09,model,LEXUS CT,RCtSNWNwU0VSSmk3Rm5ESEl4K1ZUQT09
cXp4VXUzUDRmZlByRko2aElicHpldz09,model,MAZDA MX-5,TWlnOC85bDUwdFBlYkF0aTNxL0dmUT09
TGU5cVNwbURQMnAvbjZ5L09HNW1CUT09,model,FORD Mustang,WjFqUXZyWFN3TDVZSzdHeGZjaFllZz09
NHpFSmtxUHdKVGlqeW1VL1dvYlRPdz09,model,JEEP Cherokee,TXR1T3o1YWxudGxRTFNTVlRrQ1J4QT09
L1NZVWtYeWMzb2VuNzdMZUxxdmxBdz09,model,MITSUBISHI Colt,Q1o0OURsamJXQ2tYRlZLK3g2ME5uUT09
a2VmNy9zNU9adkpuV0IwZ0hUQkg5dz09,model,SUBARU Forester,U1pUMzZBWnh2M0dlcmt4RUkyWFhmdz09
NVRHUXF3dUwyZ09jM2ZST2hRTHhEdz09,model,VOLKSWAGEN Beetle,Rmt1aVBPQ2tlZTh3UWo1Wlh4WDhodz09
MlRQb0pFMmZiMWJGNU40NTVUdHZJQT09,model,ALFA ROMEO Giulia,cG83QUFWWlpYVStPUlJLMlBQRW1JZz09
dXJyVEIxOWxySHAyV2Q1OG5YdlROQT09,model,JAGUAR XE,MWRySXFSMFlOaFp6a0hzM2czaVRJUT09
ZGErVWwrY3Q3MFluNnY4amhNM3RvQT09,model,AUDI A8,WFp4MlJjK2xyKzJsdHFRaXlqK2M4dz09
N1RDUWoydEdtVUIxaHhkdGNDOFJOdz09,model,SUZUKI Ignis,OWgzb0QzSVlobVlxZTk4MzhxTkN1UT09
NXVnckV3Wlk4Y0lVQjlZMno1ZWMvUT09,model,DACIA Spring,WkxJTjR3eVFyMEw0NE1NdlVpdm1Rdz09
YWhlSVB1MzQ4MzBUa1crS1JKVnNwZz09,model,SEAT Mii,UXMza1hTZVMxMjRENWVFNzJvVEsvQT09
NkszeHh1MFJyNENhY3RxSDBPMzZndz09,model,TOYOTA Verso,cHE3cjZlTXZ0a2I1a0FtT08wK2Q1UT09
NGFibnhlZHEwRzYxMHFPdXA5MGZvZz09,model,CUPRA Born,OGJxMEZzZ3ZVbnJ1U3FPakovKzBZdz09
NzFEWDRSeW9mcFFiMEpmOURzQlVXZz09,model,HYUNDAI ix35,MHQ2ckFFSHQ0T09lcTFsQkNVQXNQZz09
NHNxQklYS20vMW04d3p2TnhVemdoZz09,model,PEUGEOT 206,MUY1TktUZHJVVVVhTXZzNW9ZbVBRQT09
NldjWWFVS1AvdGRXMUN1OEtyNjYvdz09,model,FIAT Scudo,RjBRWVpEeWkyK1NXSU9TdDRUejZrUT09
WmZrMmlkbnQ5WVc4VjQwWG1ZNWsxQT09,model,HONDA ZR-V,R0RqMUROenlmNFVBSnpURm42bGhxZz09
MmcwMmVTbGRON1FpMWJvL1I1b2ZwZz09,model,VOLKSWAGEN Sharan,Rmt1aVBPQ2tlZTh3UWo1Wlh4WDhodz09
L3BieFkyQ01qclROYTNOZGg1Zk16QT09,model,VOLVO S90,ZWE0VEgvV0hBM3RoWmc2bEE4ME4vQT09
RWJkYzFUUVlhZUVqQkcrdEdYMUJ0UT09,model,VOLKSWAGEN ID4,Rmt1aVBPQ2tlZTh3UWo1Wlh4WDhodz09
VjR1aDFqUzZURnFUYjY1Y0VCRmNoQT09,model,LEXUS RX,RCtSNWNwU0VSSmk3Rm5ESEl4K1ZUQT09
SnFEL3M0ZVBUUEF6QjBjM04vNDRudz09,model,RENAULT Laguna,cGxsWUkzNnRsczVjWmJ0clVNa3J3UT09
RnNkTnpmY0UzWHNFN3d2NksrOE00Zz09,model,SSANGYONG KGM Rodius,UFdaVDVROFZYVXRmdTArYnl2UHZMdz09
ZElVbURiK1c0YVo2MEw2OHZtOGV1QT09,model,ALFA ROMEO Giulietta,cG83QUFWWlpYVStPUlJLMlBQRW1JZz09
MW1PSjZ5UEJhLzZGcWdFVFErY1BHQT09,model,HYUNDAI Ioniq 5,MHQ2ckFFSHQ0T09lcTFsQkNVQXNQZz09
Wnd3MjFiQmc5OWVZU3ZVVFlPZTRiVjB2YXJCZXlkQXRMSEdRY2VaWjBQWT0=,model,MERCEDES Clase CLK,RTE4d1UyZ2tuM1J5NEpnN2h2TWNRQT09
MzU4SUFoekpVN2l5S1F1Z3A5bk5yTHlTZ20zcnVaTlhCY0lia0lLUFhvWT0=,model,MERCEDES Clase SLK,RTE4d1UyZ2tuM1J5NEpnN2h2TWNRQT09
bnQxWjBPNHZFQlpyY0poV2U3QzZiUT09,model,TOYOTA Prius,cHE3cjZlTXZ0a2I1a0FtT08wK2Q1UT09
dm9xYi9jaW8wYTRObHBqV3p1bjBhdz09,model,DR DR 4,dDRQWW1jU0p4K2NxVVpJUmNya2kzUT09
bUVNSDBEVlVzaHJraDNHYTdIMzdiclU3NW84NTZtWitZRENxY0gwK3BmND0=,model,TOYOTA Proace Verso,cHE3cjZlTXZ0a2I1a0FtT08wK2Q1UT09
NkVFNmtVNlZTdFlHRlJGV3d2TTVFZ3duS2Q0OFR0NWQ4NGdISVhhOGlvTT0=,model,AUDI A4 Allroad,WFp4MlJjK2xyKzJsdHFRaXlqK2M4dz09
eE5JVXZwQUNuVTJmR2h1SnRHM3Y1dz09,model,KIA Soul,Q3JoYldqOVVWKzFnU0RTZzB3OWhQQT09
d0lJaXFsTjhZUDY4Wm0zVVBEV0tFQT09,model,LEXUS IS,RCtSNWNwU0VSSmk3Rm5ESEl4K1ZUQT09
cTR0NFVPeHR2RWRYSG9GYUcvaHN1UT09,model,SEAT Toledo,UXMza1hTZVMxMjRENWVFNzJvVEsvQT09
c1c2SzJmb2RJanh5dlhOd2VyS0RSQT09,model,INFINITI Q30,Q3ZrVUVsRzdkQVk0UUs3WWdTakcwdz09
dFhURkk4U3VpMTVDTnNRNHNodHFMQT09,model,MG 3,UEtHRFJYbUtOZXZpOUp5NDltNUZJUT09
emIxNkNOVmlmUUhDN3hJNHlLbVBHZz09,model,SUBARU Outback,U1pUMzZBWnh2M0dlcmt4RUkyWFhmdz09
TlF3U0FvN0Zzay9vaUZhZFEvcDl3SnZpazZ3RVZJWkk4R3h0dy9lVnc3bz0=,model,TOYOTA Yaris Cross,cHE3cjZlTXZ0a2I1a0FtT08wK2Q1UT09
dlF1N1kvcFNEOVRVM09VZGsreHZHdz09,model,VOLVO EX30,ZWE0VEgvV0hBM3RoWmc2bEE4ME4vQT09
amJuR3RsNTl1SXl5WlNXNmpVODZUU1JSTlQ0RGxVNVFQL2NzYjZ5TUc4TT0=,model,VOLVO V60 Cross Country,ZWE0VEgvV0hBM3RoWmc2bEE4ME4vQT09
VFR5K2xpK2tzMWd1dmdTTHRGV2N5dz09,model,NISSAN Note,cVJNcDFndlh3NGpGV3cxVlQyMVNRZz09
MVk1Vk5jeWpvSi9XNTFSL0tHekgxMDZmMGFiUURVZ01QK2QrSTBtekt5VT0=,model,NISSAN Primastar,cVJNcDFndlh3NGpGV3cxVlQyMVNRZz09
SFdqbDF0a2dxeVVMb0d2bTFESlYxUT09,model,RENAULT Koleos,cGxsWUkzNnRsczVjWmJ0clVNa3J3UT09
WnhsZ1B5UmR5bjJRc0FEb3pXMXphZz09,model,VOLKSWAGEN ID5,Rmt1aVBPQ2tlZTh3UWo1Wlh4WDhodz09
bVJ2TG4xS0o5cFpjaXZ0V2FLRnhsZz09,model,AUDI e-tron,WFp4MlJjK2xyKzJsdHFRaXlqK2M4dz09
OVliamgzaHJlNS9wRmdCWU85cUo3Zz09,model,SMART 1,Ykp2aXFqd0Q0dXM5TTdmWjZCN29iQT09
WXAycXpkY2pwZ0NucXNySHpUbFNFUT09,model,NISSAN Pulsar,cVJNcDFndlh3NGpGV3cxVlQyMVNRZz09
VExsL0lvLysrTDk5L3Vna3RCanB6Zz09,model,PORSCHE Boxster,SG8xLzJTcFQxNUE5anZpTHdlN2tsdz09
cGpDNVhjZjA4aWhnYXRaQ2pOUjRFQT09,model,SKODA Rapid,M3pIdHI5TTY0Um1vbWpmdGdRRU5zZz09
Mzk0UmVhSU5TeDRRNThLQVZVaENjdz09,model,ABARTH 500,WFdNV1NtQndwNTF6d3J5TEgvZjJoUT09
NHhIUUsvay9nWHRYWWt6SVRMT3JFZz09,model,DS DS3,NEJNZExaUXN0N0RUT0RUUVBpV0llZz09
QkRDSjdmbVlJVVZGRGhGd1RnTG9qQT09,model,KIA Optima,Q3JoYldqOVVWKzFnU0RTZzB3OWhQQT09
RjJDbXRBTi82VjF4MjM0UW0ra2lyQT09,model,NISSAN Navara,cVJNcDFndlh3NGpGV3cxVlQyMVNRZz09
dk1jeWpmSGg5aEhqV2hEQXppODlGUT09,model,OPEL Meriva,M1ZldjBpN2NXUW1JbzJIWVVYV0lPZz09
OUpCZTFzdEFTbHVMeUNSVHZaSWhxZz09,model,PEUGEOT 108,MUY1TktUZHJVVVVhTXZzNW9ZbVBRQT09
dTZUZGlQR2VkaWZYS2hwbkpTM0x6UT09,model,DS DS9,NEJNZExaUXN0N0RUT0RUUVBpV0llZz09
cE5hZHVIWUo4b0IvcVpRK1piVUJoSStWeThEWWs3c3IrSkJ6RjBtMnhaUT0=,model,FORD Tourneo Custom,WjFqUXZyWFN3TDVZSzdHeGZjaFllZz09
bVVFcGY0eHc1empTZkQ1UjVkeGRIdz09,model,MERCEDES Viano,RTE4d1UyZ2tuM1J5NEpnN2h2TWNRQT09
WTR2MllQNHNZYVh2TVhRWUlLRSs2UT09,model,PEUGEOT 3008 SUV,MUY1TktUZHJVVVVhTXZzNW9ZbVBRQT09
UzczNTJjNU13NXpQV0hJVlkyWS83Zz09,model,EVO EVO 5,bURlM0NkcEtJSGk3emw1RXhxOTRuQT09
YnZnZ21DQmUxNUVTakE4N2F0V3M4QT09,model,OMODA 5,VlU0VDgyYUlqYWIySVlrWjU2cURhZz09
cHVnY2VjUUdnK2NWMForRklSMVpRdz09,model,JAGUAR I-Pace,MWRySXFSMFlOaFp6a0hzM2czaVRJUT09
Tk1EU0F0WmMvV2VPUzl1Ris0aWRtdz09,model,AUDI Q4 e-tron,WFp4MlJjK2xyKzJsdHFRaXlqK2M4dz09
VjRXTVFtVlFUbTM5VGxMQ0ZnRXlhUT09,model,TESLA Model S,SlJEd0xhcmp6NE8raS9saUxTdzc2QT09
cWNvako0eHZDM29xTW1rQzhFS0hlUT09,model,VOLVO V90,ZWE0VEgvV0hBM3RoWmc2bEE4ME4vQT09
Rk5zV3RWb0xNVkVVMEFBN3A2ZDk4dz09,model,MERCEDES Clase G,RTE4d1UyZ2tuM1J5NEpnN2h2TWNRQT09
Y2V1Q2dKcllURkZsdHpJTzcrRVAxQT09,model,MERCEDES EQC,RTE4d1UyZ2tuM1J5NEpnN2h2TWNRQT09
a01zVzlMS21iTklhSDk3c0taaFVRQT09,model,MITSUBISHI Montero,Q1o0OURsamJXQ2tYRlZLK3g2ME5uUT09
UUxwVEU2ellraGE0TG1mcHgySWE2Zz09,model,VOLKSWAGEN Up,Rmt1aVBPQ2tlZTh3UWo1Wlh4WDhodz09
dVRwVlEvUHo5M3IwM2M0cm1xOWsxdz09,model,BMW X7,Rm00dmdvZUYxZy9MbGhsWlJhKzllQT09
d3luSGxBRWRUY3ZFVXlaaW5LNzhzUT09,model,BMW Z4,Rm00dmdvZUYxZy9MbGhsWlJhKzllQT09
cjNDbnp2TjJZNzVPOXVCc1pGUzdSQT09,model,CHEVROLET Captiva,Y3pSeWFYc0JiMW96OVZ0WWZMMjRHUT09
eDk1UVpleTlwVkJqMDVla0xnM3pOZ2xmakcwOVZmNjVXZ1BnWWNNUFVZZz0=,model,DFSK Glory 580,Y1JocEEvekl4dW04WkhEcXB5WXhxdz09
dUNSa25tT0dWTzVjL2pFMmMzTWZpZz09,model,KIA Pro Ceed,Q3JoYldqOVVWKzFnU0RTZzB3OWhQQT09
bWlob3JmdlhwcUZzVnBrc1lVUkhKOVc4cDlWZVNsR1g2Vkp1SVlIenE0Yz0=,model,LAND ROVER Freelander,SEZTaHlSQlEzOGF3YlJQU3RteHJydz09
b014Q0Y4bytQSFdWZTJBUkxrY2tTZz09,model,LEXUS ES,RCtSNWNwU0VSSmk3Rm5ESEl4K1ZUQT09
eDNQMUFoZVdkRDhRU3MxZjlLRFJMUT09,model,MERCEDES AMG GT,RTE4d1UyZ2tuM1J5NEpnN2h2TWNRQT09
a052SGVsZXFqMlBUalNqbUN0bGkvZz09,model,NISSAN Ariya,cVJNcDFndlh3NGpGV3cxVlQyMVNRZz09
aW1UMjNCdCtqcnRxNFhkZGI4czE1T3FmeHhMSHE2TW0zdXRBQzduWnlMbz0=,model,RENAULT Espace SUV,cGxsWUkzNnRsczVjWmJ0clVNa3J3UT09
alNxWG9zRGhuQ2h0cXlxbjhDRkwyZz09,model,SUZUKI Jimny,OWgzb0QzSVlobVlxZTk4MzhxTkN1UT09
YWxIdjlPbFdXMy9YaXBnOU4zYTJHQT09,model,TOYOTA Camry,cHE3cjZlTXZ0a2I1a0FtT08wK2Q1UT09
TWh2T0F4ZEx3K01ickhOZWdFQ2R1UT09,model,DS DS5,NEJNZExaUXN0N0RUT0RUUVBpV0llZz09
K2lBdjV2aGRJNFBBc0RFZSttblpOZz09,model,MASERATI Levante,cW1oa1hWbHd1dHNBYUVLR1hiVWJJZz09
T0ovc1V2b3UzWVFIV2xZek5mbVhOdz09,model,MG Marvel R,UEtHRFJYbUtOZXZpOUp5NDltNUZJUT09
N3lJWmJEZ0xQVWYvT3hUaVdCWUt3Zz09,model,SSANGYONG KGM Rexton,UFdaVDVROFZYVXRmdTArYnl2UHZMdz09
eGNCdysvUHhXM1lkTHl3Sm4rRzI1SVNXMGx5V1hnelJOdjZFZzFqTUs5ND0=,model,VOLVO V90 Cross Country,ZWE0VEgvV0hBM3RoWmc2bEE4ME4vQT09
VU5SQklRY3Q5dHBhakVMNHV3ZE5lUT09,model,BMW Serie 8,Rm00dmdvZUYxZy9MbGhsWlJhKzllQT09
SUxpK0pLMnRYRWVyMFlMWXIrZjNVdz09,model,CHEVROLET Cruze,Y3pSeWFYc0JiMW96OVZ0WWZMMjRHUT09
b3dnQUhUbythcHRjRSt2UEpUaytFQT09,model,CHRYSLER Voyager,NU41SDA2NUZQQVFyNmE5WC9wUWd2dz09
eXB3OGNEemxIYmY2Z1V0MFNFc0xFdz09,model,CITROEN C2,WmtTNmd6dm5FSjRoYmgzT0FvZExtUT09
N1FzRG8zaEhEMyt5L1UveElQV09kUT09,model,FORD Connect,WjFqUXZyWFN3TDVZSzdHeGZjaFllZz09
a3VrQmhSZWtCWTl6YkJtb0hmSHdxdz09,model,FIAT Qubo,RjBRWVpEeWkyK1NXSU9TdDRUejZrUT09
SkJ4SERWbjJFQnlhVlg5ZGdKMUpySWt6YmRFaXZVQkYzS2VXVlEvdk1YTT0=,model,SEAT Córdoba,UXMza1hTZVMxMjRENWVFNzJvVEsvQT09
WFNvdzB0RUZWc1FWb29ha3JHWGI4ZWxvcDg5UmtaejFlV1MrNlNnOUFGaz0=,model,SUZUKI Grand Vitara,OWgzb0QzSVlobVlxZTk4MzhxTkN1UT09
ZDF5WHhPbURNcmxoeDZBSDhXeFNJcXhaUkllWUUySlBnUDRCQlZwZ1BuYz0=,model,BENTLEY Continental,cjhmTjRNWE1qNStkaXAxdE9idkNuQT09
VEFwUGVnMW9jRFZoSFFneUJjUU1DUT09,model,HYUNDAI i40,MHQ2ckFFSHQ0T09lcTFsQkNVQXNQZz09
RkVmVU00RVE0RFNnZGNSd2ZQNlYrQT09,model,OPEL Vectra,M1ZldjBpN2NXUW1JbzJIWVVYV0lPZz09
eisxaCs4TnNWUGNyRUlqVVFqSEhPQT09,model,CHEVROLET Aveo,Y3pSeWFYc0JiMW96OVZ0WWZMMjRHUT09
THliSisybHNkc1NrR1Bqa1cySjdRUT09,model,FORD Explorer,WjFqUXZyWFN3TDVZSzdHeGZjaFllZz09
NlJWcW93blhxMm1sc05LL3JRQzJrUT09,model,MERCEDES Clase SL,RTE4d1UyZ2tuM1J5NEpnN2h2TWNRQT09
UDdhQW5wVVZKcTV0WERLb1JqWXp0QT09,model,MERCEDES EQV,RTE4d1UyZ2tuM1J5NEpnN2h2TWNRQT09
RmsvOWJYSEpOc1B1RWZoY1pUcEhmZz09,model,VOLKSWAGEN Eos,Rmt1aVBPQ2tlZTh3UWo1Wlh4WDhodz09
ZnZFWlFXTHdaK0kxRitwVWI1Mm5Ob095dVhJbEg0aXhiUEthTVUvemg3dz0=,model,VOLKSWAGEN Passat Alltrack,Rmt1aVBPQ2tlZTh3UWo1Wlh4WDhodz09
VGNlWWxsWWV4V25Nb1BxMUs4T1ltUml0Q2JKVmdvTk1ha1ZoMkdmS0lQRT0=,model,AUDI A6 Allroad,WFp4MlJjK2xyKzJsdHFRaXlqK2M4dz09
cDhnUWlJbzZYYmVGOFFrcEJXbm1HQT09,model,DR DR 5,dDRQWW1jU0p4K2NxVVpJUmNya2kzUT09
ZGwxMmZ6czc2eEdIMFlGZkthKzQ0Zz09,model,EVO EVO 3,bURlM0NkcEtJSGk3emw1RXhxOTRuQT09
emZDVUhTZ2t4TXlSUFNQSkpGZERldz09,model,HONDA Accord,R0RqMUROenlmNFVBSnpURm42bGhxZz09
Y3QvRGFodFFJRkdDTk9IQXhvUUFIQT09,model,SAAB 9-3,SWs3dFgwYk5KUXJIVzErZmdYYUpxdz09
aDA4dDNiWHR3VXpJRzNUNlNsN1JWUT09,model,SKODA Yeti,M3pIdHI5TTY0Um1vbWpmdGdRRU5zZz09
Y3d0NzZwdExVd3lKWXd5QkFQd3ViNXk5dDZUcnpkSzZmM3VsODJtNEdnWT0=,model,DS DS4 Crossback,NEJNZExaUXN0N0RUT0RUUVBpV0llZz09
TkF4Y05md0JjZ0RjM3hGRUFxbTRLdz09,model,JAGUAR F-Type,MWRySXFSMFlOaFp6a0hzM2czaVRJUT09
L2RtYlMrRHBEaEpCeWdYMUdvVTFtQT09,model,KIA Carnival,Q3JoYldqOVVWKzFnU0RTZzB3OWhQQT09
aGszS1VFeUlGUkh3eEUvMzJlNmZ5Z3piY3N0aE1UNUd1RnQzT3IxM0trMD0=,model,MERCEDES Clase GLS,RTE4d1UyZ2tuM1J5NEpnN2h2TWNRQT09
QTVIbXpDKzJyajB3eHF3ZG1wM0FNdz09,model,NISSAN NV300,cVJNcDFndlh3NGpGV3cxVlQyMVNRZz09
VitNZURpQ3B1VlNnNVhta3NyN3RoZz09,model,SEAT Exeo,UXMza1hTZVMxMjRENWVFNzJvVEsvQT09
Q1NvaWVac01SaUEyVjZDNGRlbjFqVFEwTW1HdjB5eHg1eXh0ZnBZbU9NND0=,model,VOLVO V40 Cross Country,ZWE0VEgvV0hBM3RoWmc2bEE4ME4vQT09
ZFluMXcwSHYzdDFRQzRNWDE2Yi9KQT09,model,DFSK F5,Y1JocEEvekl4dW04WkhEcXB5WXhxdz09
bno4ZEVpU2ZtYnhWaXVRQXpaWFFsZz09,model,MASERATI Ghibli,cW1oa1hWbHd1dHNBYUVLR1hiVWJJZz09
Unl3bTZJOEFlcm5pNnM2OXRHbWlnUT09,model,MERCEDES EQS SUV,RTE4d1UyZ2tuM1J5NEpnN2h2TWNRQT09
MnQyQVptVGcxQXpUNlc2Yy9XZi9Kdz09,model,NISSAN NV400,cVJNcDFndlh3NGpGV3cxVlQyMVNRZz09
RHJXLzhjWWxLZWU4SkVBSWh2b2d1Zz09,model,OPEL Cabrio,M1ZldjBpN2NXUW1JbzJIWVVYV0lPZz09
aEk0bUhRekpXRzY4M0ZxWlMxaytBUT09,model,TESLA Model X,SlJEd0xhcmp6NE8raS9saUxTdzc2QT09
WXZkTFlVUUlnL1hNNkJtbHpHYWk2Zz09,model,VOLKSWAGEN CC,Rmt1aVBPQ2tlZTh3UWo1Wlh4WDhodz09
V1ZuaFdFYy9DNXlaOG04VjFUV01ENTVWZlJTWkdnenlwNnpLd1JuMHMzcz0=,model,CITROEN C4 Aircross,WmtTNmd6dm5FSjRoYmgzT0FvZExtUT09
MkFTZ1BqQTZ2N3hJQ3ZuOUJid3pRUT09,model,INFINITI Q50,Q3ZrVUVsRzdkQVk0UUs3WWdTakcwdz09
Y0F5QjBnUVNqWU1vVklhVVN0MTRpUT09,model,JAGUAR XJ,MWRySXFSMFlOaFp6a0hzM2czaVRJUT09
MVRJOWt3WkVsTG0vLzdmVnZNSGYxdz09,model,JAGUAR XK,MWRySXFSMFlOaFp6a0hzM2czaVRJUT09
UlprSXR2NmUyaWxiTXRGakVkcWZPdz09,model,MAZDA CX-7,TWlnOC85bDUwdFBlYkF0aTNxL0dmUT09
aVB0Y0VNVVVab241ZVd0a245VTRYUT09,model,NISSAN Patrol,cVJNcDFndlh3NGpGV3cxVlQyMVNRZz09
cXl4a2h2RWhGL0c5VVNKVHdTcjNzRFp6SlZPK2VRQ1YxaGh6SFU1eExxUT0=,model,PEUGEOT Bipper Comercial,MUY1TktUZHJVVVVhTXZzNW9ZbVBRQT09
bWNzNmVPb0JONnRibXVTNkJaWE1lUT09,model,SKODA Citigo,M3pIdHI5TTY0Um1vbWpmdGdRRU5zZz09
aU5nZzdSemxJc2FMSE5xd3cyN28xdz09,model,CITROEN DS3,WmtTNmd6dm5FSjRoYmgzT0FvZExtUT09
anhWTVhpVlcvSVMvZUNXallUNHJOQT09,model,DFSK SERES 3,Y1JocEEvekl4dW04WkhEcXB5WXhxdz09
U3ovTFdZR2V3MVZ6SThQK3ZUTjRxZz09,model,HYUNDAI ix20,MHQ2ckFFSHQ0T09lcTFsQkNVQXNQZz09
c2hUb2N5L2tURTQ3eCtqRXZ0MzNMZz09,model,MERCEDES AMG SL,RTE4d1UyZ2tuM1J5NEpnN2h2TWNRQT09
MXdTY1JudVhocCswUzFDRVc2SkRiZz09,model,PORSCHE Cayman,SG8xLzJTcFQxNUE5anZpTHdlN2tsdz09
b0RFTHhTOUIwdTllNmxjcWJ2aUhxQT09,model,SKODA Enyaq iV,M3pIdHI5TTY0Um1vbWpmdGdRRU5zZz09
N0VHTmwyR0R4OC9TbXU3QkZSMUYzT3I3ZWlqaFg5MDZPbWNtb2dRSHZFdz0=,model,SKODA Spaceback,M3pIdHI5TTY0Um1vbWpmdGdRRU5zZz09
alR1MDVlaXlQU3lkZlBEUEhPTU1VZz09,model,SUZUKI Swace,OWgzb0QzSVlobVlxZTk4MzhxTkN1UT09
MXM3WlRTSVYyUjVjOWVsZDJGN2NhUT09,model,SWM G01,cFpHdUQyZGFiclFkaGtsdGRHRG9IZz09
YTlSRTc0SExRS1RZWmIvTkRLTDRTd09TbjlyV29DSXFFWDdQLzFVR2lCaz0=,model,TOYOTA Aygo X Cross,cHE3cjZlTXZ0a2I1a0FtT08wK2Q1UT09
SXZOQnl2NktaN3RET1Y2eU5qM05kUT09,model,BMW Z3,Rm00dmdvZUYxZy9MbGhsWlJhKzllQT09
VEhvTExISmVodGUzbmJ3d1pJV2toZz09,model,CITROEN Nemo,WmtTNmd6dm5FSjRoYmgzT0FvZExtUT09
eHVybG8rdnVsSkJ1NGFTNjQvS3RCZz09,model,EVO Cross 4,bURlM0NkcEtJSGk3emw1RXhxOTRuQT09
R3hTdjV0bnRwTVVVdmtSUnBOaktTQT09,model,MERCEDES 190,RTE4d1UyZ2tuM1J5NEpnN2h2TWNRQT09
aWkrQ2x4TkVNUDZtMGs4TmpML2ttQT09,model,MERCEDES EQT,RTE4d1UyZ2tuM1J5NEpnN2h2TWNRQT09
QmF5V3dLT21qN3N2ckFRRjZYR0Z0SENqU05WeEpsMHFSWEtoU05acDU4bz0=,model,MINI Mini Clubman,d2wzc2V2UktReGgwMHVtNEVrUm0xdz09
cmgwL2prWnlDVnhTRlM2MjRmc08vQT09,model,OPEL Antara,M1ZldjBpN2NXUW1JbzJIWVVYV0lPZz09
ZjNFZGZvWXdqSkJ6RXhBMlhGL3NHZz09,model,RENAULT Twizy,cGxsWUkzNnRsczVjWmJ0clVNa3J3UT09
Qk42Qkt0eE1EYWIyd25rdkc0d1o1Zz09,model,SSANGYONG KGM Torres,UFdaVDVROFZYVXRmdTArYnl2UHZMdz09
UDZTOWNNVmdhRWg2aEFIdlhrL0xYeUtGV0oyMTBXTmdwZGd2NXRVZ011VT0=,model,SUZUKI SX4 S-Cross,OWgzb0QzSVlobVlxZTk4MzhxTkN1UT09
djY0TDI4QmVOQ245VTlmclo5Wk45UT09,model,TESLA Model Y,SlJEd0xhcmp6NE8raS9saUxTdzc2QT09
bDRXSFZ1UEcrc2JsMVpldytLYkRlQT09,model,ALFA ROMEO MiTo,cG83QUFWWlpYVStPUlJLMlBQRW1JZz09
OFcyMkw1YXRjQW90aWpySWM5MDZIUT09,model,CITROEN DS4,WmtTNmd6dm5FSjRoYmgzT0FvZExtUT09
UUxqc2ZpS0g1K01lL2RGa1NvU2ZBUT09,model,DFSK 500,Y1JocEEvekl4dW04WkhEcXB5WXhxdz09
UW1BeDR5N1k0R09qQ2tscVg5di9nUT09,model,FIAT Freemont,RjBRWVpEeWkyK1NXSU9TdDRUejZrUT09
OHFrU0g0RmptcDZhQ2xhYUJFVmpRdz09,model,FORD B-Max,WjFqUXZyWFN3TDVZSzdHeGZjaFllZz09
QUQ2ZnduYnJObUxINTdINnNNdHFKdz09,model,FORD Bronco,WjFqUXZyWFN3TDVZSzdHeGZjaFllZz09
aTc1L3RxSXhBSVB5ekUrRFVZQlI1QT09,model,FORD Edge,WjFqUXZyWFN3TDVZSzdHeGZjaFllZz09
YU1qNFFwL2l0STMwemI2YS9lSkZQUT09,model,HYUNDAI Elantra,MHQ2ckFFSHQ0T09lcTFsQkNVQXNQZz09
djZFb3B3NGJ5WTIwanJiUno5NXB2Zz09,model,INFINITI QX30,Q3ZrVUVsRzdkQVk0UUs3WWdTakcwdz09
cFBqeVZ1NXZLSGxtVE9YNXI1d1ZzUT09,model,LEXUS LBX,RCtSNWNwU0VSSmk3Rm5ESEl4K1ZUQT09
S3Q1T0tvTDdHSEk2c2RENE1JL1ZrdmtYRzRtMjRXQ1hTekZvTitmRVhIRT0=,model,MERCEDES Clase CLC,RTE4d1UyZ2tuM1J5NEpnN2h2TWNRQT09
WjZsNWVWZ0J0OHAvVWVMeGdzUW9FQT09,model,NISSAN NT400,cVJNcDFndlh3NGpGV3cxVlQyMVNRZz09
ZFdSVjk1REdMNHFSdjlYeWRKSVdpdz09,model,OPEL Combo N1,M1ZldjBpN2NXUW1JbzJIWVVYV0lPZz09
ZXYza0RVb0d3TkJrOCs3cEZJVzdwUT09,model,PORSCHE Taycan,SG8xLzJTcFQxNUE5anZpTHdlN2tsdz09
K1lhQmFvNVFMSkQ2VEhiL3E2YktNZz09,model,RENAULT Rafale,cGxsWUkzNnRsczVjWmJ0clVNa3J3UT09
N04vM2RDNE5wU05CeVJJSStXbitzZz09,model,RENAULT Symbioz,cGxsWUkzNnRsczVjWmJ0clVNa3J3UT09
TTUrbzRCSWZEUXVLQXNkVmgvTkhRUT09,model,SUZUKI Across,OWgzb0QzSVlobVlxZTk4MzhxTkN1UT09
UEtZeEdRVTNmVEVpb2c1SDlzaFhQdz09,model,VOLKSWAGEN Amarok,Rmt1aVBPQ2tlZTh3UWo1Wlh4WDhodz09
cUp3SWxMZmoxQUg5QU9uUjZibkJKQT09,model,VOLVO S40,ZWE0VEgvV0hBM3RoWmc2bEE4ME4vQT09
TEVnVmxjcXNpbDBOQ25NZjBFYUlEQT09,model,HYUNDAI Getz,MHQ2ckFFSHQ0T09lcTFsQkNVQXNQZz09
RmdtK0ZoWDVwRFl5d2hWZkVEYlRPdz09,model,LANCIA Ypsilon,V0pia0JxRGpOSE1PaU00R0YrbDhnUT09
UkxWRDJJMlR0alVaM2NBM0FKTFZ3dz09,model,LEXUS LS,RCtSNWNwU0VSSmk3Rm5ESEl4K1ZUQT09
UFU0THJkRkFxeDBETjR1OHZ4NTFMZz09,model,NISSAN Evalia,cVJNcDFndlh3NGpGV3cxVlQyMVNRZz09
dnErY3VkVCtTUG1TTFYxK1NVOFhjdz09,model,NISSAN Murano,cVJNcDFndlh3NGpGV3cxVlQyMVNRZz09
TGxVeFJnNHUzanlrcy9tK2p1VmdHdz09,model,NISSAN NV250,cVJNcDFndlh3NGpGV3cxVlQyMVNRZz09
a0lFdTA5cVhYMElWRUJEbUZUZVFpUT09,model,NISSAN Terrano,cVJNcDFndlh3NGpGV3cxVlQyMVNRZz09
Tnc2QW9wYUI2eUpBU2lNM21jWk5hUT09,model,OPEL Frontera,M1ZldjBpN2NXUW1JbzJIWVVYV0lPZz09
YUtFTVlqY3cydTRUckxHSWJTRE05QT09,model,SUBARU Impreza,U1pUMzZBWnh2M0dlcmt4RUkyWFhmdz09
S25yanRmeVFxSjkyUzRBeFZ6V0xxdz09,model,TOYOTA bZ4X,cHE3cjZlTXZ0a2I1a0FtT08wK2Q1UT09
WmNocHk3K0M2V1ZoTjdOalUrN2xtUT09,model,BMW i4,Rm00dmdvZUYxZy9MbGhsWlJhKzllQT09
UmtIcnRTbkt1QU1OT1VQQkFRMExLMnhFL2w5Vmt0T3JOVUQyb0daemRvYz0=,model,HYUNDAI i20 Active,MHQ2ckFFSHQ0T09lcTFsQkNVQXNQZz09
ZDd6cG95WHc1ZDNCbWhPbjBGV1R5dz09,model,JAGUAR X-Type,MWRySXFSMFlOaFp6a0hzM2czaVRJUT09
REsybmxaYjc3TkJWUkRLL0txUTVwdz09,model,LEXUS RZ,RCtSNWNwU0VSSmk3Rm5ESEl4K1ZUQT09
Zmw5Yy84cGxTTkJtelI2dmJEd2EyUT09,model,MAZDA CX-80,TWlnOC85bDUwdFBlYkF0aTNxL0dmUT09
Z3dOZUgxSjVPNkc2MkwxNS9oTTRmdz09,model,SMART 3,Ykp2aXFqd0Q0dXM5TTdmWjZCN29iQT09
eksxNnJiRW5oNS9pWndIVWlKc0tMZz09,model,VOLVO V50,ZWE0VEgvV0hBM3RoWmc2bEE4ME4vQT09
QS8wa2hqNEVkaWFKODdXMWhWU2JDZz09,model,CITROEN DS5,WmtTNmd6dm5FSjRoYmgzT0FvZExtUT09
ZVcyeVVYK3JMWUxaZXFSWklSWExpQT09,model,EVO EVO 7,bURlM0NkcEtJSGk3emw1RXhxOTRuQT09
TTI0czFUTE1xUDN4NVpEVEpoSElHQT09,model,FORD Galaxy,WjFqUXZyWFN3TDVZSzdHeGZjaFllZz09
dEZDajRkcnptNUozMWVYWE5TR0hoUT09,model,ISUZU D-Max,OEUySUwyZzdoZlFkUGRDdHNLckNtZz09
NTZ0c2JTN2E3L1FhWVYyUWVLbEJBUT09,model,LANCIA Voyager,V0pia0JxRGpOSE1PaU00R0YrbDhnUT09
NzV4b2lZR0xPUndmWnlDNHlMZ1gvUT09,model,LEXUS RC,RCtSNWNwU0VSSmk3Rm5ESEl4K1ZUQT09
QlN0aWJLaldUTkFsWUJ2MnVkdFpqdz09,model,MAZDA Mazda5,TWlnOC85bDUwdFBlYkF0aTNxL0dmUT09
ZkNsQ3IvUzNRbGVsWGEyR3R3cnE3UT09,model,MERCEDES Clase X,RTE4d1UyZ2tuM1J5NEpnN2h2TWNRQT09
RjhYVnU0ZFkwOWcyaDAyNVBNYjlXUT09,model,NISSAN Cabstar,cVJNcDFndlh3NGpGV3cxVlQyMVNRZz09
ekJSb0F2YlVUUlE1YW5wVVY1UC82YXE0UXljQTVGMDlBSHdZVzhhZEltOD0=,model,OPEL Corsa Van,M1ZldjBpN2NXUW1JbzJIWVVYV0lPZz09
S0MyTHgrb09LbTYrbmN3REN3VmJOUT09,model,OPEL Karl,M1ZldjBpN2NXUW1JbzJIWVVYV0lPZz09
U2pML0YvdmxueWMvcVhUNFJNSmNNUT09,model,PEUGEOT 406,MUY1TktUZHJVVVVhTXZzNW9ZbVBRQT09
c21nRVFHU0gxanpBRVR2NUpwdTRXaXVPSUN6OUV2Vjc4cWR6eW1DSWtCaz0=,model,RENAULT Clio Societé,cGxsWUkzNnRsczVjWmJ0clVNa3J3UT09
elJnbDg1M1BTYVd0eFczTGpkbG8yRzJLRjhFdUJaWnFVVjgvdmt5am80RT0=,model,SEAT León X-perience,UXMza1hTZVMxMjRENWVFNzJvVEsvQT09
NWdiM1V1ejJzN2Z4bHFNTzhNRG9hUT09,model,SWM G01F,cFpHdUQyZGFiclFkaGtsdGRHRG9IZz09
QVRsaFVhbitwNVlZWVM1MThZaGxEQT09,model,CHEVROLET Kalos,Y3pSeWFYc0JiMW96OVZ0WWZMMjRHUT09
S1VaL21pMWkvOW5ZTE9NSm83RFAxUT09,model,FIAT Bravo,RjBRWVpEeWkyK1NXSU9TdDRUejZrUT09
cnlZTVlxd3RNYmNiMXlERGc2azY3Zz09,model,FORD Fusion,WjFqUXZyWFN3TDVZSzdHeGZjaFllZz09
YUNOKzJLSXhJZmwxdVRwaFRueGlRUT09,model,KIA Stinger,Q3JoYldqOVVWKzFnU0RTZzB3OWhQQT09
RUpLaStFNVd6QW9VamVaWVNoTTBuQT09,model,MAN TGE,WjJUQWJCOFVOZm5IV1dDQmdaSTBhUT09
bHNWL1dORXFDcE8ycUlxU1NvZCtMdz09,model,MERCEDES Clase R,RTE4d1UyZ2tuM1J5NEpnN2h2TWNRQT09
dUtSNlEvaGs5QjZpK01oL05IWGxudz09,model,NISSAN Almera,cVJNcDFndlh3NGpGV3cxVlQyMVNRZz09
MnlVaXRlYUVxK2lSeFlUSWJmc3gwbVUzdy9ndVAzcUEyc3BxM1FSZ0Yxcz0=,model,NISSAN Pathfinder,cVJNcDFndlh3NGpGV3cxVlQyMVNRZz09
Wm5MU05WOVJOSXJwV090NEZpZjhLQT09,model,OPEL Tigra,M1ZldjBpN2NXUW1JbzJIWVVYV0lPZz09
Q0prMStwc1NWVlgvMC91N1ZVU2ZNQT09,model,PEUGEOT 508 RXH,MUY1TktUZHJVVVVhTXZzNW9ZbVBRQT09
NGV3bEt2UFFQRHp0Uk5KQU5lazFBUT09,model,PEUGEOT 807,MUY1TktUZHJVVVVhTXZzNW9ZbVBRQT09
Z2dYRHZCWjJzQTFYN2dHTjljVlhkdz09,model,SSANGYONG KGM Kyron,UFdaVDVROFZYVXRmdTArYnl2UHZMdz09
aFIwYmtTcXhkTWpCL2RvQlkxNW1veVJuNEExbEpxUTQ2Qm8xNEY5U2NNQT0=,model,SSANGYONG KGM Musso Sports,UFdaVDVROFZYVXRmdTArYnl2UHZMdz09
TkFucXNuNFpqVDRDQnFnTW9BOWVldz09,model,SUBARU Solterra,U1pUMzZBWnh2M0dlcmt4RUkyWFhmdz09
eHlOY1RKSStJSkx5SmM3MURKNTgrUT09,model,SUZUKI SX4,OWgzb0QzSVlobVlxZTk4MzhxTkN1UT09
MFBtVGlRZ09zZmdVYVdmRWIwTGhNUT09,model,VOLKSWAGEN Jetta,Rmt1aVBPQ2tlZTh3UWo1Wlh4WDhodz09
bUI1U1ZCL0pmMkZOVlZ0UGZJUWk2dz09,model,VOLVO C30,ZWE0VEgvV0hBM3RoWmc2bEE4ME4vQT09
Rkd3RnhLcFpNZXhGNW4vK1lWODZuUT09,model,BYD Atto 3,anQ4SVVGMUs4eEN2ZXZFUXNjOGFSQT09
OEZvblhmUGZNRjBkU3lSVDhDaEIzUT09,model,DAEWOO Kalos,clhpOFhpTVJzenBNeVdQUTk3MmJrZz09
dWUxVFRwNEJCdnFkQ0VHN0xIcml5UT09,model,EVO EVO 4,bURlM0NkcEtJSGk3emw1RXhxOTRuQT09
OHpYMldPMEhiQmg0Zi9xTndzekV5M05sYkNBazlOZnd0U1JaNjBjZjFWQT0=,model,FIAT Punto Evo,RjBRWVpEeWkyK1NXSU9TdDRUejZrUT09
VW91dHdINUVrTnc2NzNXQUp1R2h4cTVMWEc4azdsQzFNWk11d3cxSEFGND0=,model,FORD Focus C-Max,WjFqUXZyWFN3TDVZSzdHeGZjaFllZz09
VnNFQ25iWjRnOXkyOW9tTEcxeTRyZz09,model,HONDA HR-V SUV,R0RqMUROenlmNFVBSnpURm42bGhxZz09
WlV0QzhHa3B3UXlqdjNaTEtPeEE2dz09,model,HYUNDAI Ioniq 6,MHQ2ckFFSHQ0T09lcTFsQkNVQXNQZz09
bFVIOXk1NnZZeVRLN0VCS01vUng1Zz09,model,JAGUAR S-Type,MWRySXFSMFlOaFp6a0hzM2czaVRJUT09
STdVcStBendRaGg1ZjdMSGF5SlNCaEhybE9xeHZnQW1SV3Q4V2VuQ2ROOD0=,model,MERCEDES Clase GLK,RTE4d1UyZ2tuM1J5NEpnN2h2TWNRQT09
ZnFaN3k1UjdrSTh6T3BjRVhJT1AxZz09,model,PEUGEOT 107,MUY1TktUZHJVVVVhTXZzNW9ZbVBRQT09
SFRKQXpJcDRjdlJXdkJBc2V1QkI1Zz09,model,PEUGEOT RCZ,MUY1TktUZHJVVVVhTXZzNW9ZbVBRQT09
eWVWR2FLUjRycGRyeEwxNlpTWStSQT09,model,RENAULT Fluence,cGxsWUkzNnRsczVjWmJ0clVNa3J3UT09
QXZpQjNqN0FaQnlqZ0Z5bVBhdVB3RFBpNld2aFMyOE5vNTI2NEFJTEIwZz0=,model,SUBARU Crosstrek,U1pUMzZBWnh2M0dlcmt4RUkyWFhmdz09
SjE4eVZUQzBwMnJnL0U5UzlwYU1kUT09,model,SUZUKI Samurai,OWgzb0QzSVlobVlxZTk4MzhxTkN1UT09
b1VzbHNrcGhqeVhLaEZMZlczaHoxZz09,model,VOLKSWAGEN ID7,Rmt1aVBPQ2tlZTh3UWo1Wlh4WDhodz09
eXpwOVRwZzEwUEJlTlNhOFFZS20zZz09,model,ALFA ROMEO 147,cG83QUFWWlpYVStPUlJLMlBQRW1JZz09
WjNhenNDOElrWHh5NFZwNUN2Q25oZz09,model,BENTLEY Bentayga,cjhmTjRNWE1qNStkaXAxdE9idkNuQT09
M2F0RXJmN1JoRkd5Q2ZNU3pPZWJaZz09,model,BMW iX,Rm00dmdvZUYxZy9MbGhsWlJhKzllQT09
OFQ2VXprSmdwcm82RnM1d21kTXNnZz09,model,BYD Dolphin,anQ4SVVGMUs4eEN2ZXZFUXNjOGFSQT09
Y1lmYWJnZkg0Q0V4RHNwc2lVMmtBUT09,model,CHEVROLET Orlando,Y3pSeWFYc0JiMW96OVZ0WWZMMjRHUT09
ODdHblJrclBsZzBqNzI5cEdrTXJNZz09,model,FIAT Fullback,RjBRWVpEeWkyK1NXSU9TdDRUejZrUT09
TnYrSDNJakx4OVY3Vi9saGdPNzVIL1Y1cVBENFV3MDlybzRtRG03WmxVdz0=,model,FIAT Grande Punto,RjBRWVpEeWkyK1NXSU9TdDRUejZrUT09
T1puUzc4S0oxdDFwOUpXUnJ6cmtHZz09,model,FIAT Stilo,RjBRWVpEeWkyK1NXSU9TdDRUejZrUT09
MWp0R3gvcTVrQ1k4WmUrR1NBOUplZz09,model,HONDA e NY1,R0RqMUROenlmNFVBSnpURm42bGhxZz09
TmJ6em5ERWlqY1Fpc0NmbUJnUHNHUT09,model,HYUNDAI Atos,MHQ2ckFFSHQ0T09lcTFsQkNVQXNQZz09
RmVGR04rMUFlbXJCd2lCTTZaM29aUT09,model,KIA Venga,Q3JoYldqOVVWKzFnU0RTZzB3OWhQQT09
dzRVTGpwNVhDcVdCS3RlTXpPa3RwQT09,model,LEXUS GS,RCtSNWNwU0VSSmk3Rm5ESEl4K1ZUQT09
L0UwNzdVZGZxcDZLM0wyK2JGSi8xQT09,model,MAXUS Euniq 5,M3E0dEQ4d0RtbDZrM2V1ZDMyV0N5QT09
MTZ3ejkzZHAzRFd3MGZQNGVER0Jjdz09,model,MERCEDES Clase GL,RTE4d1UyZ2tuM1J5NEpnN2h2TWNRQT09
RGFSY1d1SjRXSWdDVXhBVDV4SzFUdz09,model,PEUGEOT 1007,MUY1TktUZHJVVVVhTXZzNW9ZbVBRQT09
bFozbi9KWUVXRGZEMklhdmVUdi90QT09,model,PEUGEOT iOn,MUY1TktUZHJVVVVhTXZzNW9ZbVBRQT09
VGZRbTNsTlNUR2djOXArdGZCSDY3NVluWVk0RnEyZFo0dllRdkRTK200bz0=,model,TOYOTA Corolla Cross,cHE3cjZlTXZ0a2I1a0FtT08wK2Q1UT09
VWdaTzRKZytTRmRZdjc5bmpGWDJ3QT09,model,VOLKSWAGEN IDBuzz,Rmt1aVBPQ2tlZTh3UWo1Wlh4WDhodz09
OThDY1dKUWxmdUdOb3ZZQXZXQS90VHhiRmVkV2VuUDJsa3NVeC9SLzU2QT0=,model,VOLKSWAGEN Passat CC,Rmt1aVBPQ2tlZTh3UWo1Wlh4WDhodz09
cmp3b3dpZjE0cFBNb0JNbEdxN2VyUT09,model,VOLVO S80,ZWE0VEgvV0hBM3RoWmc2bEE4ME4vQT09
aXBJb3lWdGloZEIxK2IxRitVTXdDQT09,model,YUDO K3,RE9pdnF4M1ExTTlsZmw4ZndMQ0xNQT09
UWFQajFmTTFPT284NENrSXY1RWRtdz09,model,CHEVROLET Matiz,Y3pSeWFYc0JiMW96OVZ0WWZMMjRHUT09
WVYwM0h6Z29xNGo0bzQwZ05uNVlSdz09,model,CITROEN C-Zero,WmtTNmd6dm5FSjRoYmgzT0FvZExtUT09
UVBoUTVEMFRoeUxKcTZXUmpWMEw5UT09,model,CITROEN Saxo,WmtTNmd6dm5FSjRoYmgzT0FvZExtUT09
ZmNYbWlMU0NiZUllVTBiZERHMjh3azBuc09yTFF6V1lhT1JwbkZaNkkraz0=,model,HYUNDAI Coupé,MHQ2ckFFSHQ0T09lcTFsQkNVQXNQZz09
cUxIcEd3NEdyYy8vUFdXQUxDZmFVZz09,model,HYUNDAI Terracan,MHQ2ckFFSHQ0T09lcTFsQkNVQXNQZz09
V1lkUEZubGdoT3UrQU1yajdyMlJ1cDJIR1RoNmFZaE1QRmJ5elZ6QzNQYz0=,model,MAXUS e Deliver 3,M3E0dEQ4d0RtbDZrM2V1ZDMyV0N5QT09
YmFzbmh0WHJwYWk1ZnRnTEdLcURDdz09,model,MERCEDES Clase CL,RTE4d1UyZ2tuM1J5NEpnN2h2TWNRQT09
SUNYTHkvVXlXTGI4RFkzdmlUTUZIdz09,model,NISSAN Primera,cVJNcDFndlh3NGpGV3cxVlQyMVNRZz09
ejNsRldibjl3NFZXVU5ZUy9pTU5aQT09,model,PEUGEOT 205,MUY1TktUZHJVVVVhTXZzNW9ZbVBRQT09
cjRtMjA5WW1PREJ2cEZvZWN5MWU3QT09,model,SSANGYONG KGM Actyon,UFdaVDVROFZYVXRmdTArYnl2UHZMdz09
QU00NnlQVW02cmo2bXlIZDQ0Rnd2dz09,model,AUDI R8,WFp4MlJjK2xyKzJsdHFRaXlqK2M4dz09
b2JhUjR4VHFpTVFQL0ZLMkdiZnhRUT09,model,BYD Seal U,anQ4SVVGMUs4eEN2ZXZFUXNjOGFSQT09
R2twbW10ZG9wZXJZZjBKdHFoTThQdz09,model,CHRYSLER 300C,NU41SDA2NUZQQVFyNmE5WC9wUWd2dz09
K2xBMHZDa2VpK0E3b09RRGlRend2MWZhVnlObWhBSFJyZFluWEtWWWlsST0=,model,CHRYSLER PT Cruiser,NU41SDA2NUZQQVFyNmE5WC9wUWd2dz09
cWxPVDVsU0FlMTdBL2YwQ2ZTMzNGZz09,model,CHRYSLER Sebring,NU41SDA2NUZQQVFyNmE5WC9wUWd2dz09
Y2dsZUgwTkpBNmtxOGxyUEtybzROUT09,model,CITROEN C8,WmtTNmd6dm5FSjRoYmgzT0FvZExtUT09
UzdGelRzcFFEcnhSTjhDSkliS29MN1M3NU5ONUxqYXhBZEJjQUViT213TT0=,model,FERRARI Portofino,Vmw0c3ZRcW1FSVhOU2xEZm4ydEZzdz09
eXF0RmlqbXVsYmVuOUoycWlSSytuZz09,model,HYUNDAI Staria,MHQ2ckFFSHQ0T09lcTFsQkNVQXNQZz09
L0FmL1p3aEhLQVMycFBubUZTeXFyZz09,model,INFINITI FX,Q3ZrVUVsRzdkQVk0UUs3WWdTakcwdz09
eU5mQURkTEZhQURtRGVBMG5taG00UT09,model,INVICTA D2S,Nk1UcklZYWFGY3B6U2kvSDd5blR1dz09
Wk9QclBCVlowbVQ2TDd3T0ZNcXhCdUxNaEpwRXhEc2FmSnF4eVZMcCt4cz0=,model,LAMBORGHINI Huracán,d011WWxXSnl0SWF6aWdYMUhIdEkyQT09
Wnhsai9nckZtdDRpRDROR29hVVVWZz09,model,MAHINDRA XUV500,WjZTamQySzFPUk9zT2hUbUtXZko2UT09
dmorclRUN1NPS3hvNVJEUm56Y2t3UT09,model,SERES 3,NE1VQkZybWpQRlY1aTJ1VEJ4dHVyUT09
cjNPRElQRmVCci9BMTJta2l0VWpLQ1k4TEFTaXNmampSdkF3RS9hWTRCcz0=,model,VOLKSWAGEN Sportsvan,Rmt1aVBPQ2tlZTh3UWo1Wlh4WDhodz09
ZXY2cXN1MmRyRTFoUVJJTnhLTVZBZz09,model,VOLVO C70,ZWE0VEgvV0hBM3RoWmc2bEE4ME4vQT09
L3NORlk5ckQwNmpRbWRHVFRBM1Fudz09,model,VOLVO XC70,ZWE0VEgvV0hBM3RoWmc2bEE4ME4vQT09
Q1RQRHBlMDU4Mk9EakdKekN5L29QZz09,model,ALFA ROMEO 159,cG83QUFWWlpYVStPUlJLMlBQRW1JZz09
UHNUaEJZb0hla0hkTmNaMTBzN3QwQT09,model,ALPINE A110,Y0pOWTQwMjdXekR4a3NSRU9Xcms4Zz09
ejN5aGdhSmZ5M1BjNlFwOFdJdGF3Wm1PQ1ZTL1NycnJJcGlBMnF0aFJxTT0=,model,AUDI A1 Citycarver,WFp4MlJjK2xyKzJsdHFRaXlqK2M4dz09
bkFqTGw1cHpwZlVvNnNUUEhOOWxpQT09,model,CHEVROLET Trax,Y3pSeWFYc0JiMW96OVZ0WWZMMjRHUT09
S0FYcEFFdTlrUWtJcG5lbVdlYjRCZz09,model,DFSK Serie K,Y1JocEEvekl4dW04WkhEcXB5WXhxdz09
OTR0TFpCQ0lpeHpROVlTVmtEVW1xaTlhWXRMaDRiOUU3MzNLSm9xYmFlOD0=,model,DODGE Challenger,Mzc0MnlSaW42U2lGRzBVSmk3K3RDUT09
bHRHa0Z3THlrUHZpbGpia083V3A2UT09,model,DODGE Journey,Mzc0MnlSaW42U2lGRzBVSmk3K3RDUT09
ZmJLM0FZVTFMMURORktqNUtNMkVRUT09,model,FERRARI 458,Vmw0c3ZRcW1FSVhOU2xEZm4ydEZzdz09
Qi9jK1VkMUZwRHc4M1QraWM1UHN6c2NsVDdkTnFOQlRpZktQOXpWR1RBcz0=,model,FERRARI California,Vmw0c3ZRcW1FSVhOU2xEZm4ydEZzdz09
cmlhVjgzZEI3UjlIWHJub1VIbGROdz09,model,FORD Escort,WjFqUXZyWFN3TDVZSzdHeGZjaFllZz09
a2hNelUrYS9YZFZ6RzhoS2o5RlN3QT09,model,HYUNDAI H-1,MHQ2ckFFSHQ0T09lcTFsQkNVQXNQZz09
Uyt5VXJwSHdPMng5UWNYcUFBQ2tqUT09,model,HYUNDAI Matrix,MHQ2ckFFSHQ0T09lcTFsQkNVQXNQZz09
R1BkOFBqL2Roc3VmZXdQT2l1QXN5dz09,model,HYUNDAI Sonata,MHQ2ckFFSHQ0T09lcTFsQkNVQXNQZz09
NERlQWljOGVGdmg4WDRmaG1aRDdNUT09,model,INVICTA Metro,Nk1UcklZYWFGY3B6U2kvSDd5blR1dz09
Z3dCeFMzMDdFRjd6Q2I4NU81K2MzUHFkNys0cmk4akx2Y0NqUmVEM1JVbz0=,model,JEEP Commander,TXR1T3o1YWxudGxRTFNTVlRrQ1J4QT09
dC9UcVRESEk1eTIzWDJsdEwwMzVSdz09,model,MERCEDES 200-500,RTE4d1UyZ2tuM1J5NEpnN2h2TWNRQT09
YmU5RnhPMUxzNWdwdG00V3NXbFZ3Zz09,model,MG 5,UEtHRFJYbUtOZXZpOUp5NDltNUZJUT09
Y3NVaUtsVE5wQXVLZTZ4QTg1aGhURWFiN0plQk85SnB6UjJtY24wYWdpUT0=,model,NISSAN Interstar,cVJNcDFndlh3NGpGV3cxVlQyMVNRZz09
MUxWdXRjNnFoWkZQei9LYkZRb0pjQT09,model,PEUGEOT 208 XAD,MUY1TktUZHJVVVVhTXZzNW9ZbVBRQT09
S1BTUmp5RWFlam1KVDhZODhwNGx6Zz09,model,PEUGEOT 607,MUY1TktUZHJVVVVhTXZzNW9ZbVBRQT09
TlZvQ3dJSnAxdUVLOVcxQklONTJaUT09,model,SSANGYONG KGM XLV,UFdaVDVROFZYVXRmdTArYnl2UHZMdz09
blVZUkMyRUEvd1RjaFJ0RmdzU2REZz09,model,SUZUKI Baleno,OWgzb0QzSVlobVlxZTk4MzhxTkN1UT09
REs5Z3ZvdmluNFcydUNLWkoxeVNSeG9Vb1M3eVFxOU9LWWE0bmZ6OGNHRT0=,model,SUZUKI Jimny Pro,OWgzb0QzSVlobVlxZTk4MzhxTkN1UT09
UW9hc1FCaTRrNjNOaVg1RXV4UUVkUT09,model,TOYOTA Celica,cHE3cjZlTXZ0a2I1a0FtT08wK2Q1UT09
MlNDa1BqVXdPcldRWWdvaXhVbXgwOS95RjNGVVUwaC96ZHJiaXc3WmFZRT0=,model,TOYOTA Highlander,cHE3cjZlTXZ0a2I1a0FtT08wK2Q1UT09
R0hMMFJLYWhTdjFtdmhqZ25qME96OU01cmV2RkJJcjlhRUlFdkZNN2l6VT0=,model,TOYOTA Prius Plus,cHE3cjZlTXZ0a2I1a0FtT08wK2Q1UT09
ajUrcmZDc2w1NFloOTNYUGhzek05Vk9kOUZ0c1VBaDFxNXVRMG8ybTBRcz0=,model,TOYOTA Proace City Verso,cHE3cjZlTXZ0a2I1a0FtT08wK2Q1UT09
Ylc5ZVljQTdnQ0ZEYVhOWC8wNGxlUT09,model,VOLKSWAGEN Bora,Rmt1aVBPQ2tlZTh3UWo1Wlh4WDhodz09
aFBxb1hoZWlPK05YNFEzRFRuTGt6SDNSM2EweVFRWFFBUGFRN2hiUHhwcz0=,model,VOLKSWAGEN IDBuzz Cargo,Rmt1aVBPQ2tlZTh3UWo1Wlh4WDhodz09
ZjZ2cFU0cmJpM1lKVWhKTUVENUpTTVFjUEFZejVVeXM1N2YvNDBYVFRYTT0=,model,ABARTH 124 Spider,WFdNV1NtQndwNTF6d3J5TEgvZjJoUT09
TXRZZEF5bnZOZWZtV2JnWTFHRVIwZz09,model,ALFA ROMEO Junior,cG83QUFWWlpYVStPUlJLMlBQRW1JZz09
Qy9XQXNTNEJyTTRpNDVnUG9QSFM5QT09,model,AUDI Q8 e-tron,WFp4MlJjK2xyKzJsdHFRaXlqK2M4dz09
cHhGOW95ekVWaGZlRU4yc2JkY2RkbUdGaHVvZzFXNHFWY3R2N2lFSklMaz0=,model,BENTLEY Flying Spur,cjhmTjRNWE1qNStkaXAxdE9idkNuQT09
bHB5b1NWeXRPZkNhdGoycXVUenFvUT09,model,BYD Seal,anQ4SVVGMUs4eEN2ZXZFUXNjOGFSQT09
ajd6WUJETEU4aytBUWJxV3EwNS9mZz09,model,CHEVROLET Spark,Y3pSeWFYc0JiMW96OVZ0WWZMMjRHUT09
QXVVamhVQm42TUs1MDJFbHNEL1Rjdz09,model,CHRYSLER 300M,NU41SDA2NUZQQVFyNmE5WC9wUWd2dz09
dzdPMzROTE45by9nNW4yYVB1YUFTUT09,model,CHRYSLER Crossfire,NU41SDA2NUZQQVFyNmE5WC9wUWd2dz09
dlF4cEN6ZUZ0ZHFDSmZULzdJaHBvZz09,model,CITROEN C6,WmtTNmd6dm5FSjRoYmgzT0FvZExtUT09
VFFWa1pFQ29UbkpSOW5jNCtEb0VXTDlOY2JWSEJRQmZ2T2xyT2lMK0xKND0=,model,DACIA Dokker Comercial,WkxJTjR3eVFyMEw0NE1NdlVpdm1Rdz09
cTJGRXd1YnRpOXdZUkdDSk5iSnZWUT09,model,DODGE Caliber,Mzc0MnlSaW42U2lGRzBVSmk3K3RDUT09
MG5uSW1YOGt3LzBvYlhpVzQxWG0ydz09,model,FERRARI 296 GTB,Vmw0c3ZRcW1FSVhOU2xEZm4ydEZzdz09
MmlJVUFlU3F5ajY5Rm12UW9pM0U0QT09,model,FERRARI 488,Vmw0c3ZRcW1FSVhOU2xEZm4ydEZzdz09
V0JFTXRTMGIyWTBvVVVXaGNZa1hNZz09,model,FERRARI Roma,Vmw0c3ZRcW1FSVhOU2xEZm4ydEZzdz09
ejU2WEl1YXd6alUwWUJHRUk1NmdMYTJtMitqZUVqczNQczFEUVp1cU9obz0=,model,FIAT Línea,RjBRWVpEeWkyK1NXSU9TdDRUejZrUT09
MXJRTlZab1FhVnQwZXJjQ1pPUTRTQT09,model,GALLOPER Exceed,aEFxK2g2K3NoRWhrTmdmck5jTlA4QT09
bmsxaWhURE54a1l2VEVZTThNMUU2Zz09,model,HONDA Honda e,R0RqMUROenlmNFVBSnpURm42bGhxZz09
OWtDUTNDdzQvakkvUS95UzNBRmNlQT09,model,HYUNDAI Accent,MHQ2ckFFSHQ0T09lcTFsQkNVQXNQZz09
dU43MmpmcnVJdFVHeUphWFlFY20rUT09,model,INFINITI G,Q3ZrVUVsRzdkQVk0UUs3WWdTakcwdz09
Q2ZCRnVSSEh5VnoyQ1lEUyt3Q2h6QT09,model,INFINITI M,Q3ZrVUVsRzdkQVk0UUs3WWdTakcwdz09
MG1TZ1NvdjcyaWJaVnVWbmJ5cC9OZz09,model,INFINITI Q70,Q3ZrVUVsRzdkQVk0UUs3WWdTakcwdz09
Y1ZmSC93eW1WbE5MQUNXTXBNLzlQUT09,model,INFINITI QX70,Q3ZrVUVsRzdkQVk0UUs3WWdTakcwdz09
bEJqNXM1T0ZST0tSZDY0aHNHdE03RnZQTXZsQnN4MEJROHR4OUQ0SWJPND0=,model,INVICTA Cenntro Logistar,Nk1UcklZYWFGY3B6U2kvSDd5blR1dz09
SDRrdmpSU0RROGRuQVJ4b3d1RFZ1dz09,model,INVICTA Orca I,Nk1UcklZYWFGY3B6U2kvSDd5blR1dz09
dC9yNGJybDlPeTJZbTJ6OFZTWklhUT09,model,LANCIA Delta,V0pia0JxRGpOSE1PaU00R0YrbDhnUT09
QUtDcWZiMzRENzA5TTVXWnVQSUEyOEFZSVN4NU4zSmwyVE1PN2h4dWloND0=,model,MASERATI Quattroporte,cW1oa1hWbHd1dHNBYUVLR1hiVWJJZz09
Ujd4b2VJT3psNm1hTkhmSzR4UE5iZz09,model,MG TF,UEtHRFJYbUtOZXZpOUp5NDltNUZJUT09
U3Z1NXV0eFVHQjExNXpyUndNUmYzUT09,model,PEUGEOT 106,MUY1TktUZHJVVVVhTXZzNW9ZbVBRQT09
NEFZMURiWUNEejJSMi9SVmF0SGswdz09,model,PIAGGIO Porter,OGpWaUFFQWFFb2taVXFUY2NoUWhtQT09
b0JtekMyYW1BRlJ0Y09IM1NNZDNNdz09,model,PORSCHE 944,SG8xLzJTcFQxNUE5anZpTHdlN2tsdz09
UGdiNnlWYVhtdGlPSTRYcitrTlptdz09,model,RENAULT Latitude,cGxsWUkzNnRsczVjWmJ0clVNa3J3UT09
M0lJZGh5dDRoejllMjVOMmd5bWJjQT09,model,RENAULT Modus,cGxsWUkzNnRsczVjWmJ0clVNa3J3UT09
UlY2MDZvQzkwYmFIZldGa2k3Y0lvc1pLSmRGN2dVUDFnbTRKK0tOUCtGST0=,model,RENAULT Mégane Scénic,cGxsWUkzNnRsczVjWmJ0clVNa3J3UT09
MmU3TE10Q2VkWWVGSVBPZURwZldtSTFEMVFHazU2dEk3dHBUVGkrWlJUaz0=,model,SEAT Ibiza Comercial,UXMza1hTZVMxMjRENWVFNzJvVEsvQT09
Unc4cWtseDYvdjhuU1dreC9GTDVEQT09,model,SERES 5,NE1VQkZybWpQRlY1aTJ1VEJ4dHVyUT09
eC84RmpRbTdPaWJvNHdkWUVqdVlDQT09,model,SUZUKI Alto,OWgzb0QzSVlobVlxZTk4MzhxTkN1UT09
YzZVaHJRNTFhbjYzaTBkN0RTOGlqQT09,model,SUZUKI Celerio,OWgzb0QzSVlobVlxZTk4MzhxTkN1UT09
MEpES1BKeFBLdlFqYi92SVZLL1I0Zz09,model,AIWAYS U5,Wkk2N2diTG5JRnpnK0RlbVNEUjhlQT09
ZGR3bFVTM1ZFZ2oxRWhEdENPV1hkZz09,model,ASTON MARTIN DB9,eGFWTXdsSXhCU1llMzN2akdTeEhkZz09
cWlscDM5OElwR1k1bXRPZFVmUDVoOHV5OERFa0pIOW90dUxGOTFhQ0J0bz0=,model,AUDI A1 Allstreet,WFp4MlJjK2xyKzJsdHFRaXlqK2M4dz09
cDdTUXJ2d2QreDdaRjZKV2x0bE5oQT09,model,AUDI Allroad,WFp4MlJjK2xyKzJsdHFRaXlqK2M4dz09
bU03OFArd2ZPSGNYMi9PY3NrdzZwUT09,model,AUDI Cabrio,WFp4MlJjK2xyKzJsdHFRaXlqK2M4dz09
aEpyUDZCby9UYkJ1Yk51K1hncWV2dz09,model,AUDI e-tron GT,WFp4MlJjK2xyKzJsdHFRaXlqK2M4dz09
U0JJRk9NVk42TndRTHJoTG05WC9XUT09,model,BYD Han,anQ4SVVGMUs4eEN2ZXZFUXNjOGFSQT09
ZS9hK1FjMDYwR0NWdWdJc084VzlKQT09,model,CHEVROLET Camaro,Y3pSeWFYc0JiMW96OVZ0WWZMMjRHUT09
SUg3dytpUTQwVm9zR2NTSjk4Y0psUT09,model,CHEVROLET Epica,Y3pSeWFYc0JiMW96OVZ0WWZMMjRHUT09
elpPYTFjM0J2U2xwZFRWdTk0TDZBUT09,model,CHEVROLET Lacetti,Y3pSeWFYc0JiMW96OVZ0WWZMMjRHUT09
WlZ2RXdwTzZyQU1GR2JHQjZDcFI2QT09,model,CHEVROLET Malibu,Y3pSeWFYc0JiMW96OVZ0WWZMMjRHUT09
TkR5b0I3YlY5M0loRCtDS0ZYUzk0UT09,model,CHEVROLET Tacuma,Y3pSeWFYc0JiMW96OVZ0WWZMMjRHUT09
QVlhYmdPbEhRZUhKWjRncWhqMVFmdz09,model,CITROEN C-Crosser,WmtTNmd6dm5FSjRoYmgzT0FvZExtUT09
ZzRVOUE4ek1LbXV5SlptWGpidWpHSm5Bb1ZuZ3NsNVNnSVdIVnBWZml3WT0=,model,CITROEN C3 Comercial,WmtTNmd6dm5FSjRoYmgzT0FvZExtUT09
UFV4QXNQQ0VTTXo2emtJNkFTRHJZZXJ6L0FnT2JkUmlpVXZHNnRlZVdLRT0=,model,CITROEN Nemo Comercial,WmtTNmd6dm5FSjRoYmgzT0FvZExtUT09
bStnVnhsdzgxYmpRKzN4T3o3b0ovdz09,model,DAEWOO Lanos,clhpOFhpTVJzenBNeVdQUTk3MmJrZz09
Yml6VnpDaE5xN01aa211VVFFZitWQT09,model,DFSK Serie C,Y1JocEEvekl4dW04WkhEcXB5WXhxdz09
dkFLQVpMQWxSNHdPcXpHeTBDOGJOQT09,model,FERRARI F430,Vmw0c3ZRcW1FSVhOU2xEZm4ydEZzdz09
Ny9QZGFZK1pLcXZDM2QwcmlKZ01FdjY2UnFhYnk4YXZuNFJWQTc3NUEvVT0=,model,FIAT 124 Spider,RjBRWVpEeWkyK1NXSU9TdDRUejZrUT09
V3dRY3hjcElENDdyRENwNjJWZEcwQT09,model,HONDA CRX,R0RqMUROenlmNFVBSnpURm42bGhxZz09
aVF6cXdZMHJZUG10Y0dmWnRjMFAwdz09,model,HYUNDAI Veloster,MHQ2ckFFSHQ0T09lcTFsQkNVQXNQZz09
eW1LdTAxY2VqZ3o5dml1UFBpMFpEZz09,model,INFINITI Q60,Q3ZrVUVsRzdkQVk0UUs3WWdTakcwdz09
UzBqVUdYcXZaVUI3bnFuOHFTd3lTZz09,model,LADA Niva,NHRaL3pYdkZQNTlEUUJCL2FOcEJoQT09
cllJc043V0cxdnNmYWlSdGZQWmF4U2VSckIycmFDNFJvc1FQZERIOTV3VT0=,model,LAMBORGHINI Gallardo,d011WWxXSnl0SWF6aWdYMUhIdEkyQT09
N1FmMkRmQjA2My9KeU8yVTAwSHEvdz09,model,LANCIA Phedra,V0pia0JxRGpOSE1PaU00R0YrbDhnUT09
RjZHUGdUdjdnamFXcVhEWE9IVHJUN0lTMy83bGRSNDllYlVzZVEwT1RZST0=,model,MASERATI GranTurismo,cW1oa1hWbHd1dHNBYUVLR1hiVWJJZz09
dHF2VUFtRW0zL3E5K1BENkxmN1pOdz09,model,MASERATI Grecale,cW1oa1hWbHd1dHNBYUVLR1hiVWJJZz09
dmpJWUlkd3VmcS9EY0dLY1dqbkJEZz09,model,MAXUS T90,M3E0dEQ4d0RtbDZrM2V1ZDMyV0N5QT09
TEdscktvdkk4TEFPV1ZGVW9iTURDRURic2ZkbytwbDRWSmgxK0dHdmRRMD0=,model,MAXUS e Deliver 9,M3E0dEQ4d0RtbDZrM2V1ZDMyV0N5QT09
M0IvU1pabDRBNVlERGMxWVR5L1pSUT09,model,MAZDA CX-9,TWlnOC85bDUwdFBlYkF0aTNxL0dmUT09
R3plMDBra2IvNGlWNklRK0g5UDR2dz09,model,MITSUBISHI Lancer,Q1o0OURsamJXQ2tYRlZLK3g2ME5uUT09
a3ZZU2owZFN3OHV0YmFHSHBrYkUzQT09,model,NISSAN 350Z,cVJNcDFndlh3NGpGV3cxVlQyMVNRZz09
YmhnT0RUTThQTzZNTm1UZHVpdjgvZz09,model,NISSAN 370Z,cVJNcDFndlh3NGpGV3cxVlQyMVNRZz09
aVJPenpqWC9NZ01BME9hbHdhdWk0Zz09,model,NISSAN Pick Up,cVJNcDFndlh3NGpGV3cxVlQyMVNRZz09
TnloMVJsUmZOdFIrRzBFK216cFhrUT09,model,NISSAN Pixo,cVJNcDFndlh3NGpGV3cxVlQyMVNRZz09
V2h5cmVLOUhDV1pBU3lrUTV3ZjdJZz09,model,OPEL Signum,M1ZldjBpN2NXUW1JbzJIWVVYV0lPZz09
eFUvejJ6bkxrLzMzaXZkdlBGZmxSK1d4WStGbXJMMGY0VTV4MEFPMXF0ST0=,model,OPEL Zafira Life,M1ZldjBpN2NXUW1JbzJIWVVYV0lPZz09
RHV0TDdNUlk2N0FhWkFUVjRjS004UT09,model,PEUGEOT 5008 SUV,MUY1TktUZHJVVVVhTXZzNW9ZbVBRQT09
OWFwakVzV2Y4dlJrdGREY0ZZWkF0QT09,model,POLESTAR 02,UFBaNjFwdUdmTGFyM2ptUnBEYkRxUT09
dytiYmRxa3ZhZmdVeUkyYTMyTDc2dz09,model,RENAULT Maxity,cGxsWUkzNnRsczVjWmJ0clVNa3J3UT09
NDhVMzh1LzhiSThEUFNBYkxwc0tFdz09,model,RENAULT Wind,cGxsWUkzNnRsczVjWmJ0clVNa3J3UT09
ZmlIS0dqK29MMVZCbzFuZFY4bGlZQT09,model,ROVER 75,TFBZR0hYZmg0dzNTb2wrNC9ONTF1dz09
cldFbEh1VTFVdVRTeHdET3Z6STV4Zz09,model,SEAT Marbella,UXMza1hTZVMxMjRENWVFNzJvVEsvQT09
SHVqdiszSVloRi9hd1VJOEliU1ZJdz09,model,SKODA Scout,M3pIdHI5TTY0Um1vbWpmdGdRRU5zZz09
Y0lEZWRJN2ZjRm5DZVRvSmZBblJvUT09,model,SMART Smart,Ykp2aXFqd0Q0dXM5TTdmWjZCN29iQT09
MytxZkdXaU95QkJtM3VhOVFxeWNVdz09,model,SUBARU BRZ,U1pUMzZBWnh2M0dlcmt4RUkyWFhmdz09
OTZ5ZjBNSVE3UlVYS1ZvNmNIb2w3dz09,model,SUBARU Levorg,U1pUMzZBWnh2M0dlcmt4RUkyWFhmdz09
c2M1RU95cFFvaEIwc2FnTG80VlNKQT09,model,SUBARU WRX STI,U1pUMzZBWnh2M0dlcmt4RUkyWFhmdz09
WEFzWXoxOHBFb3pSV2dzN0RSMStXZz09,model,TOYOTA MR2,cHE3cjZlTXZ0a2I1a0FtT08wK2Q1UT09
cWdmY3ZxWGxzVVFxM0JUMFR2Y3NNQT09,model,TOYOTA Supra,cHE3cjZlTXZ0a2I1a0FtT08wK2Q1UT09
ZmgrdUVteTN5dW5KTHJoSjdVUkxLdlJNMGkwUEUrUFlJOUtRR3hUMEtOdz0=,model,TOYOTA Urban Cruiser,cHE3cjZlTXZ0a2I1a0FtT08wK2Q1UT09
VTdvSHdJbXhYQS9lbCtHUkZsQlR2Zz09,model,TOYOTA iQ,cHE3cjZlTXZ0a2I1a0FtT08wK2Q1UT09
U2tjcWxDV0xjNStoaCtiOUVjU24wOFhMNVdFblNpcVFVaEU4aEMvQmhVcz0=,model,VOLKSWAGEN Grand California,Rmt1aVBPQ2tlZTh3UWo1Wlh4WDhodz09
aUM0UGxwYW9DbHhIVG9ZMXlvaU50dz09,model,VOLKSWAGEN LT,Rmt1aVBPQ2tlZTh3UWo1Wlh4WDhodz09
OGMyemZPV1FGa0dnUVJjRHdxQXludz09,model,VOLKSWAGEN Phaeton,Rmt1aVBPQ2tlZTh3UWo1Wlh4WDhodz09
cGZ3RC9iSzBEQTkwNlZZcTcyc09WQS9VOWdCMFBXaGx6cFpLeVVDMFdKTT0=,model,ALFA ROMEO 156 Crosswagon,cG83QUFWWlpYVStPUlJLMlBQRW1JZz09
NDdQZmw2dGhjTUZud1NZYzJ4R1ExZz09,model,ALFA ROMEO 166,cG83QUFWWlpYVStPUlJLMlBQRW1JZz09
UXQwYmtZSlRPZTdGQzJ6WUNmc2gxQT09,model,ALFA ROMEO GT,cG83QUFWWlpYVStPUlJLMlBQRW1JZz09
K0xiWHEvZDNqcWxGSWRGM3VUYkpTQT09,model,ALFA ROMEO GTV,cG83QUFWWlpYVStPUlJLMlBQRW1JZz09
U01kekZMR2g4NFFlMTlWRGJiY0tYdz09,model,ALFA ROMEO Spider,cG83QUFWWlpYVStPUlJLMlBQRW1JZz09
RHpFN1o0SXNUL0lOV2JNMFVHemt6dz09,model,ASTON MARTIN DBX,eGFWTXdsSXhCU1llMzN2akdTeEhkZz09
RkVyQzNqSU1BNlpZbE1pSDd4a1pEdz09,model,ASTON MARTIN Vanquish,eGFWTXdsSXhCU1llMzN2akdTeEhkZz09
VjBySW81YzRHVUZWMnVJcWdBancyZz09,model,ASTON MARTIN Vantage,eGFWTXdsSXhCU1llMzN2akdTeEhkZz09
akNlNVQ0OWZ6SUFQcFBZczkwdWdNZz09,model,AUDI 100,WFp4MlJjK2xyKzJsdHFRaXlqK2M4dz09
MmJtZHRmTWY2MGFydk9Fd3o2a0Fldz09,model,AUDI 80,WFp4MlJjK2xyKzJsdHFRaXlqK2M4dz09
eDRkdGZGTlNMcTZFM3Z6dk9VNEhBdz09,model,AUDI A2,WFp4MlJjK2xyKzJsdHFRaXlqK2M4dz09
R1g2MHRuS20vdzJhbnJGWVZDZmFwNVp1c3NIa1lTQSt3akhWZGlvTVY0QT0=,model,AUDI A3 Allstreet,WFp4MlJjK2xyKzJsdHFRaXlqK2M4dz09
ZHM5OHJzKzZhUWlnQ3o5aTR0MVdkZ2FGSGY0RGhCSnFlU2J2STBHa0F4Yz0=,model,AUDI Coupé,WFp4MlJjK2xyKzJsdHFRaXlqK2M4dz09
VU1WWDZ1UmRtb0M1RHRVV2xqZ1VrZz09,model,BENTLEY Arnage,cjhmTjRNWE1qNStkaXAxdE9idkNuQT09
Z3FZckJqZS9yeVkreEFjWnhQUXBDUnpMSVpZMnlXNWpJOUN1NVQxK3g1UT0=,model,BENTLEY Brooklands,cjhmTjRNWE1qNStkaXAxdE9idkNuQT09
MVN2OCtiaTN6L3VrQjBseGVWamJMQT09,model,BENTLEY Mulsanne,cjhmTjRNWE1qNStkaXAxdE9idkNuQT09
UWJLZ2EwWW9rQVJIQ3hGMkRDUWR6Zz09,model,BMW XM,Rm00dmdvZUYxZy9MbGhsWlJhKzllQT09
RmRIalFTcnVjamJVVGRsdW5LUk5mdz09,model,BMW i8,Rm00dmdvZUYxZy9MbGhsWlJhKzllQT09
ckZQeEhsaDBVTHNhdVFGME90SytxUT09,model,CADILLAC CTS,dzZTUW5DamNpVVU2RkVWUldOTkg1Zz09
L1UyS0d1WVorRmhsRWNwODVmdkpuZz09,model,CADILLAC Escalade,dzZTUW5DamNpVVU2RkVWUldOTkg1Zz09
c3JVcFEyTGRadU5lUnRuMnRSOWREUT09,model,CADILLAC Seville,dzZTUW5DamNpVVU2RkVWUldOTkg1Zz09
WkFYLzFUTGZ6bmw5NThWOUR0MjdyUT09,model,CADILLAC XLR,dzZTUW5DamNpVVU2RkVWUldOTkg1Zz09
YWlxTFdteEVadjRzTDhQOXN1bVhjUT09,model,CHEVROLET Corvette,Y3pSeWFYc0JiMW96OVZ0WWZMMjRHUT09
YWdvSVhUSjM0WHg3OVNiUnZsbWU4QT09,model,CHEVROLET Tahoe,Y3pSeWFYc0JiMW96OVZ0WWZMMjRHUT09
aHZablVVVHdWdjdEL2RwVm5Db01tUT09,model,CITROEN 2CV,WmtTNmd6dm5FSjRoYmgzT0FvZExtUT09
N2ZFMy9BZzdpYlJXZ0ZKZ2gxM1c3UT09,model,CITROEN AX,WmtTNmd6dm5FSjRoYmgzT0FvZExtUT09
bWZ4VUZjRFF5dElySFpBVlZIUTNhZz09,model,CITROEN C15,WmtTNmd6dm5FSjRoYmgzT0FvZExtUT09
RFlrVGZvdHJvaWJRUHM2eUJXcFNmdStRbGpMN3d1ZTR6NDBMOStkNTJxcz0=,model,CITROEN C5 Cross Tourer,WmtTNmd6dm5FSjRoYmgzT0FvZExtUT09
bG51T0NGU2tMZkRYU1JVR1VtWU56QT09,model,CITROEN E-Mehari,WmtTNmd6dm5FSjRoYmgzT0FvZExtUT09
Z1dpUTRrOUVsZVdDV2NhMjZzYXB1QT09,model,CUPRA Tavascan,OGJxMEZzZ3ZVbnJ1U3FPakovKzBZdz09
TjEzNjRKQ1JsODRtRUtsM3pIRVMyZz09,model,DAIMLER XJ,R3g0V1ozTy9YME15ZFlCQ0p6Um5qUT09
b1krYWViSkJtSHJtcDZjY2cxanF3UT09,model,DFSK Serie EC,Y1JocEEvekl4dW04WkhEcXB5WXhxdz09
UVlZa3hQUU9xY2tEblkyaHdab0dDQT09,model,DODGE Avenger,Mzc0MnlSaW42U2lGRzBVSmk3K3RDUT09
ek5uOExJODRWbDgwcGZyQTNhYkg5QT09,model,DODGE Nitro,Mzc0MnlSaW42U2lGRzBVSmk3K3RDUT09
TVRnekZjc2diRkl0VHFaY0U0RGhldz09,model,DR DR 6,dDRQWW1jU0p4K2NxVVpJUmNya2kzUT09
QVB2ZzdjWEtpMXZUWlZmZ25HSFMwUkNLbER2Nmk5Y1NncC9VOTlHTjFpbz0=,model,FERRARI 612 Scaglietti,Vmw0c3ZRcW1FSVhOU2xEZm4ydEZzdz09
eVA5WDFGeGNZbzNMd0RXK0tsYlZIWkxlWklEOVZzOHcweWFhUTZKRWNYdz0=,model,FERRARI F8 Tributo,Vmw0c3ZRcW1FSVhOU2xEZm4ydEZzdz09
aVErR1hObHIxWk5JU0VqM1g4OXJaVUFBcmVGaTNEZHo1WldsTzFpbmVsOD0=,model,FERRARI Maranello,Vmw0c3ZRcW1FSVhOU2xEZm4ydEZzdz09
eWE5d3UydUsrTU8raFNOTDdtaCs0dz09,model,FERRARI Mondial,Vmw0c3ZRcW1FSVhOU2xEZm4ydEZzdz09
UjVqVEN5M1gzSXVWMythb1hhdUJLUT09,model,FERRARI SF90,Vmw0c3ZRcW1FSVhOU2xEZm4ydEZzdz09
Z214TW15WHZoRVc1ZTRUdlorWk9MRlluRmJ6aVovY21RcU5qQkRIbk5XVT0=,model,FIAT Barchetta,RjBRWVpEeWkyK1NXSU9TdDRUejZrUT09
cUYyd1VOZU5IL3ZoNXBVTHZRb3pIQT09,model,FIAT Brava,RjBRWVpEeWkyK1NXSU9TdDRUejZrUT09
KzI1L2NIUnhKZDFFSjdsWGdsZlVQUT09,model,FIAT Sedici,RjBRWVpEeWkyK1NXSU9TdDRUejZrUT09
VGpqZjdrOGViakRKa0xjOE1tQk5lQT09,model,FIAT Seicento,RjBRWVpEeWkyK1NXSU9TdDRUejZrUT09
OVdTSGdhQWRKSEFteUh6UzBFT2FxUT09,model,FIAT Ulysse,RjBRWVpEeWkyK1NXSU9TdDRUejZrUT09
YmJhNVVmWW1nQldGQjdVMkJZaXhwQT09,model,HONDA CR-Z,R0RqMUROenlmNFVBSnpURm42bGhxZz09
eitWWE9Halc1cGhOS0NpWjhPaThtZz09,model,HONDA FR-V,R0RqMUROenlmNFVBSnpURm42bGhxZz09
N2cyRUZ4czhuRmFZUGs5VnFobTd0QT09,model,HONDA Insight,R0RqMUROenlmNFVBSnpURm42bGhxZz09
MTI3dCtUNEhpdmFjQnhHOVdmbjEvUT09,model,HONDA Prelude,R0RqMUROenlmNFVBSnpURm42bGhxZz09
OTY4U3hWMnluelM0OFhVQ2c0VVh2dz09,model,HUMMER H3,NTRnT1UrMmp3NEl2bEppdTVQL01NUT09
ZVdHWFc1cVlyaWZ6ZHgxOVFYU2pGQT09,model,HYUNDAI H350,MHQ2ckFFSHQ0T09lcTFsQkNVQXNQZz09
ckJ4NDNjR2VhVXBwMzd1U2ZqRVRNdz09,model,HYUNDAI ix55,MHQ2ckFFSHQ0T09lcTFsQkNVQXNQZz09
QzJlWG4xMG5iaGMzN0J5cWRTMGNTcVVtYWE0NVZCWW90Q0NoNFk4aGVEdz0=,model,INEOS Grenadier,SVdZcVdJbEsvQTEzOGJwb3NPYWdEQT09
SHR5L1ZhYWc0b3JzUE5vbWN3aG52UT09,model,INVICTA Evum,Nk1UcklZYWFGY3B6U2kvSDd5blR1dz09
T0licHRYeHU0YzRvYVhuclFBU0k2UT09,model,ISUZU Serie N,OEUySUwyZzdoZlFkUGRDdHNLckNtZz09
RFlHdk5wd2FSTEhGRFB2eVdYaXN3QT09,model,JAECOO 7,QnJzcHZFSUtyWWFtcG9WdTJQUGppUT09
MXN6SE5nNlFnZmtSaXdnaXE3azFLMXRXY0VINjVmNndnRCtYS1E2TDdGYz0=,model,JAGUAR F-Type Convertible,MWRySXFSMFlOaFp6a0hzM2czaVRJUT09
RmwxY3pyRlRuTFh1cmlENjlxazkyaTVRdkY2K2xaMVFzd1JuV0J4dXMvcz0=,model,JEEP Gladiator,TXR1T3o1YWxudGxRTFNTVlRrQ1J4QT09
UEtyZkg4Y2hrajB6OTlRQ3M5ZGZHQT09,model,JEEP Patriot,TXR1T3o1YWxudGxRTFNTVlRrQ1J4QT09
NGpRRW05cjhvdHZZVWFVVjJwdHlmdz09,model,KIA Cerato,Q3JoYldqOVVWKzFnU0RTZzB3OWhQQT09
UGk5czB2WkVHUU9FMWQycGU3bUNZQT09,model,KIA Magentis,Q3JoYldqOVVWKzFnU0RTZzB3OWhQQT09
aVg0Z0tQNVBNeTMxZ2tpTlhGY3hwZjBpSUhGZ0lCVFlFcmZLcEt6VGVYMD0=,model,LAMBORGHINI Aventador,d011WWxXSnl0SWF6aWdYMUhIdEkyQT09
VGZpa1V6RXJIZXFDUFZyVHA5QlN3dz09,model,LAMBORGHINI Urus,d011WWxXSnl0SWF6aWdYMUhIdEkyQT09
MzdDKzAyR2xVNlN5TEdrMzBwYTBIUT09,model,LANCIA Dedra,V0pia0JxRGpOSE1PaU00R0YrbDhnUT09
S3lSbjc4eDVyNERYd2ljRTAvM0pEQT09,model,LANCIA Musa,V0pia0JxRGpOSE1PaU00R0YrbDhnUT09
WGE0MWpMeTFoWDg1Y3ZuR2o0b3V2dz09,model,LEVC VN5,NC9TcFp4eUpTazVKc1hUTFQ1Q0lpQT09
UThPS0hXc01xcjdHMEJJYUZwVVpVdz09,model,LOTUS Evora,V0JKamhqcmI4U1J1NjZzeW9VVHgvZz09
bWVxZkRqWXBRNlpwbXYyb1BiMkY1dz09,model,LOTUS Exige,V0JKamhqcmI4U1J1NjZzeW9VVHgvZz09
d01xd1E2THVpOHVEOHFsYzlmK1BjZz09,model,MAHINDRA Goa,WjZTamQySzFPUk9zT2hUbUtXZko2UT09
NjlTVlhpUVhRUDVIdEg0c3QvdzBCdz09,model,MAXUS V80,M3E0dEQ4d0RtbDZrM2V1ZDMyV0N5QT09
NUlNREVROVZLZWxsSDJIWjE1OWNnZz09,model,MAZDA 626,TWlnOC85bDUwdFBlYkF0aTNxL0dmUT09
VjBHNms0Ri9UTjI2Wi9kL3VNY1F3Zz09,model,MAZDA RX-7,TWlnOC85bDUwdFBlYkF0aTNxL0dmUT09
dzdzUGVHd0EyMzBlOVl4dFNXZk4wUT09,model,MAZDA RX-8,TWlnOC85bDUwdFBlYkF0aTNxL0dmUT09
dWVTWGtIenhxbHV0b3Q3WHBrSVliNTV3K2FtQWVHbFpFdFBYUXNJcGJiMD0=,model,MERCEDES 124 Spider,RTE4d1UyZ2tuM1J5NEpnN2h2TWNRQT09
VlBXcTdGOXhybENCbGlyTHFPUm56NTVMWEgvUGx2bFZwV2o0T3l3SGdEND0=,model,MERCEDES Clase E Chasis,RTE4d1UyZ2tuM1J5NEpnN2h2TWNRQT09
SVcrdzEzNGdzSm9nSUhvMlIvdXFJbTBYUjZxZDBLeG9FYzl5ZmRLSitHMD0=,model,MERCEDES Clase SLC,RTE4d1UyZ2tuM1J5NEpnN2h2TWNRQT09
dE9RRDd3bFkvaWZLVXNhQTRkMUswdz09,model,MERCEDES SLR,RTE4d1UyZ2tuM1J5NEpnN2h2TWNRQT09
Vk43dmkzWUhSZE5zWUsrQVVvN3Fvdz09,model,MERCEDES Vaneo,RTE4d1UyZ2tuM1J5NEpnN2h2TWNRQT09
Mm0zVDNkbXJrNU5uWEhGVEpkT1dvdz09,model,MITSUBISHI Canter,Q1o0OURsamJXQ2tYRlZLK3g2ME5uUT09
TXhjbXM0eklDbGgxWHZoL2pBNVNEQT09,model,MITSUBISHI Grandis,Q1o0OURsamJXQ2tYRlZLK3g2ME5uUT09
cVhCUTFaNUFmU3RkOTArR0FpZXhUbzkwTTdITUxraEZXMTJHOGF5V2JHaz0=,model,MITSUBISHI Space Wagon,Q1o0OURsamJXQ2tYRlZLK3g2ME5uUT09
L3pGdzhReXB1aXE0amRrZnlJMFJnQT09,model,MORGAN 4-4,d1VHbnhEZk1KaWZUT2FaSzJ0MUI2Zz09
eDdXeVRKTHJPdldNdmttQmsvc0NZdz09,model,MORGAN Plus 6,d1VHbnhEZk1KaWZUT2FaSzJ0MUI2Zz09
cVlZWjJsdm9IeWZWdk9kQkx2UFdvQT09,model,MORGAN Roadster,d1VHbnhEZk1KaWZUT2FaSzJ0MUI2Zz09
cUNOSlRVZDJHdkhUOTNmM29USmNSZz09,model,NISSAN Cube,cVJNcDFndlh3NGpGV3cxVlQyMVNRZz09
UzlrRkkxYXZJak8wV3RqQTdaVnBhQT09,model,NISSAN Kubistar,cVJNcDFndlh3NGpGV3cxVlQyMVNRZz09
d2lqb1pSa3dRakY1S2wzRURCVGZFQT09,model,OPEL Agila,M1ZldjBpN2NXUW1JbzJIWVVYV0lPZz09
YkM3ZnJ3eGVMK2Eyck1GOWdBZXZlZz09,model,OPEL Ampera,M1ZldjBpN2NXUW1JbzJIWVVYV0lPZz09
U294emE3M09jOUdsQWExbElLN0M4Zz09,model,OPEL GT,M1ZldjBpN2NXUW1JbzJIWVVYV0lPZz09
Wm1XUmpkU1RLOHRUdWtYcTFUMzlvZUhJUlBMa3RXTTNVOGFQRjBVdWhkUT0=,model,OPEL Insignia Country Tourer,M1ZldjBpN2NXUW1JbzJIWVVYV0lPZz09
bFY3Wmo4QklZdmt3YzZmNTdDY3JNZz09,model,OPEL Monza,M1ZldjBpN2NXUW1JbzJIWVVYV0lPZz09
bEpyOTVUc1FBWXVVdmhudmtUcjllUT09,model,PEUGEOT 306,MUY1TktUZHJVVVVhTXZzNW9ZbVBRQT09
U2tKamJTOU12ZzhWakpLT0FmbUV3Zz09,model,PEUGEOT 4007,MUY1TktUZHJVVVVhTXZzNW9ZbVBRQT09
aXBIY2FtbTJ4UEhrQ2ZkR0V3azN3QT09,model,PEUGEOT 4008,MUY1TktUZHJVVVVhTXZzNW9ZbVBRQT09
dzZTRUdIci9hN1l4RGgyVWNtNis4QT09,model,PEUGEOT J5,MUY1TktUZHJVVVVhTXZzNW9ZbVBRQT09
VnlCcWloc2MzTkZoL3lSbitQTGZNdz09,model,PONTIAC Firebird,SVo3eW9TdmlBZWs2ZGhGYVVTbDN6UT09
OGhnT2JuOHl6Rlc4aThqQkVQelJIQT09,model,PORSCHE 928,SG8xLzJTcFQxNUE5anZpTHdlN2tsdz09
YmpkZjQ4RTFBWThLT2tnRjMvTjFLUT09,model,PORSCHE 968,SG8xLzJTcFQxNUE5anZpTHdlN2tsdz09
MC9vQ1lkOXdyQ3dQc2tud1BqTnV4QT09,model,RENAULT R18,cGxsWUkzNnRsczVjWmJ0clVNa3J3UT09
aTlleUdEaGNSWTd0OFc1UGVXRXFVZz09,model,RENAULT R4,cGxsWUkzNnRsczVjWmJ0clVNa3J3UT09
eUhTME94bm5BV1dQOW1Ga1gwZERJbkxmb0R6K0hsTlJUWkNLcUY0MXc1dz0=,model,RENAULT Vel Satis,cGxsWUkzNnRsczVjWmJ0clVNa3J3UT09
UE5rRnhGQ1Vyak1jSTJXSnE2Mitjdz09,model,ROLLS ROYCE Wraith,TzhaOVdLejB3STJDdVJkL0ZlQnVFdz09
KzhSNDVFRThtWEtMYnlKWFZHWEpDdz09,model,ROVER 25,TFBZR0hYZmg0dzNTb2wrNC9ONTF1dz09
bHZTTUVzY2gzYnVDN1Uwb1ZJQTNzUT09,model,ROVER 45,TFBZR0hYZmg0dzNTb2wrNC9ONTF1dz09
anJsZ2w5dlAvamdxZXkzbjBXaVpTUT09,model,ROVER 600,TFBZR0hYZmg0dzNTb2wrNC9ONTF1dz09
NVFMUG5WSHRIZnU3Yms4NEcydHF6QT09,model,SAAB 9-5,SWs3dFgwYk5KUXJIVzErZmdYYUpxdz09
YmJZYURnYkgvblZPdXBJbGozM2VyQT09,model,SAAB 900,SWs3dFgwYk5KUXJIVzErZmdYYUpxdz09
Q3J4V0ZMQWtweWRzckd1azFlaUdzdz09,model,SANTANA 2500,QlYyVTUvVmZpK3U2a3JKOXJGOVFrUT09
OFJSdlNkVFFTWkg3YURFbktVdGw3UT09,model,SANTANA 300,QlYyVTUvVmZpK3U2a3JKOXJGOVFrUT09
UzVPc3Vxdm9sU3pIWGd0cHlJUjdUdz09,model,SEAT Arosa,UXMza1hTZVMxMjRENWVFNzJvVEsvQT09
YWRmVVVaeG4rZGNrbkhjUGYydWZwUT09,model,SEAT Inca,UXMza1hTZVMxMjRENWVFNzJvVEsvQT09
eFJIYzJZU2ZJK1krSjNjaUtVSVFyL21yOVhDeHFBQkw5UGl6Y0FTY3VuYz0=,model,SEAT Málaga,UXMza1hTZVMxMjRENWVFNzJvVEsvQT09
b1VYU0NoVmFtdHpmMVIyU2IyZ3FvQT09,model,SEAT Terra,UXMza1hTZVMxMjRENWVFNzJvVEsvQT09
b3NtYmdwTzJ4cEgrcTYraEZnRlhEQT09,model,SKODA Roomster,M3pIdHI5TTY0Um1vbWpmdGdRRU5zZz09
clV4cGlsMEFVQVVmVTJpbEZWQ3FhdmlGVTZ3R3hEaDZPL3g3YVA0eFZTMD0=,model,SSANGYONG KGM Rodius Mixto Adaptable,UFdaVDVROFZYVXRmdTArYnl2UHZMdz09
SWc5YWlELzhEajlNUmV0blVvTnJIZz09,model,SSANGYONG Korando,UFdaVDVROFZYVXRmdTArYnl2UHZMdz09
bkNkaDFvaEoxcTNzMEczSk9Mc2pnUT09,model,SUBARU Justy,U1pUMzZBWnh2M0dlcmt4RUkyWFhmdz09
eWtVOElIQ1Q4UThMWVpLSE96NDZpdz09,model,SUBARU Legacy,U1pUMzZBWnh2M0dlcmt4RUkyWFhmdz09
ODJueXBxcUZjUno1WlNOZ1BxU2NPUT09,model,SUZUKI Kizashi,OWgzb0QzSVlobVlxZTk4MzhxTkN1UT09
MEExdW1ZZVU4NE9aUHFZeVRialAvUT09,model,SUZUKI Splash,OWgzb0QzSVlobVlxZTk4MzhxTkN1UT09
ZklSYVRWaFJldXNvTUV4Q0hxc2doUT09,model,TOYOTA GR86,cHE3cjZlTXZ0a2I1a0FtT08wK2Q1UT09
UGQzVjhDbVVzY3lZTlFwdnVSQjNlQT09,model,TOYOTA GT86,cHE3cjZlTXZ0a2I1a0FtT08wK2Q1UT09
ckk5OG5WQlpJcy9WNjg3SUhscTg4U2djeEIyVi9tWE9wNVNaa29KVXBWQT0=,model,TOYOTA Land Cruiser Comercial,cHE3cjZlTXZ0a2I1a0FtT08wK2Q1UT09
cHR2SFJJcVQ4bmdqN2IzMnV0VjBDdXQ0TDQyMG5LUzQvd1hxSFJKV2p5dz0=,model,TOYOTA Yaris Van,cHE3cjZlTXZ0a2I1a0FtT08wK2Q1UT09
VUwzU1NUdGRldDJrdFpJTjBkQlkyVFJscDAvdWNLQW9aaUx2WjIrdGZNRT0=,model,VOLKSWAGEN Caravelle Comercial,Rmt1aVBPQ2tlZTh3UWo1Wlh4WDhodz09
U1Y4NGlqNGc1MWw3U1FVSVZuWDZJUT09,model,VOLKSWAGEN Fox,Rmt1aVBPQ2tlZTh3UWo1Wlh4WDhodz09
Ry9oSTlJVXl0OUZJL0NKdjNxcmMxRzFaRVJRRDUwdDRHT1JKZmIxclZQZz0=,model,VOLKSWAGEN Golf Alltrack,Rmt1aVBPQ2tlZTh3UWo1Wlh4WDhodz09
M1RiVWhsQThIc0tsamJSeDY5dVBUZz09,model,VOLKSWAGEN Lupo,Rmt1aVBPQ2tlZTh3UWo1Wlh4WDhodz09
TUxQMndpbDFiOHZqeEJ4Q0xNU1NoQT09,model,VOLKSWAGEN Santana,Rmt1aVBPQ2tlZTh3UWo1Wlh4WDhodz09
Y3NPWWV6MjlKZ3lPeXR6K09qMHdwZz09,model,VOLVO EX90,ZWE0VEgvV0hBM3RoWmc2bEE4ME4vQT09
MTdKRW4wNG4xc2M3M09URHBlU21Ddz09,model,VOLVO S70,ZWE0VEgvV0hBM3RoWmc2bEE4ME4vQT09
VUtqVzVSdmlBb0pYYkF0QlZsVzVEUT09,model,VOLVO V70,ZWE0VEgvV0hBM3RoWmc2bEE4ME4vQT09
Szk2S0pBZExwTnQvNk9BK3VrU0tQUT09,model,WARTBURG 353,eG1zZzZsdVBqa2hyVWMvTTd3MjhFUT09
