makeId,id,label
1330,1186,124 Spider
1330,916,500
1330,970,500C
1330,984,695
1330,917,Grande Punto
1330,1040,Punto
1330,969,Punto EVO
1408,1394,U5
1408,1459,U6
1,186,145
1,205,146
1,187,147
1,58,155
1,59,156
1,60,159
1,87,164
1,217,166
1,771,33
1,1066,4C
1,770,75
1,769,90
1,559,Brera
1,537,Crosswagon
1,1185,Giulia
1,872,Giulietta
1,532,GT
1,207,GTV
1,1547,Junior
1,1546,Milano
1,907,MiTo
1,208,Spider
1,873,Sprint
1,1217,Stelvio
1,1417,Tonale
1377,1288,A110
1377,1573,A290
238,159,10
238,160,24
238,791,Dacia
238,30,Expander
1326,358,Rocsta
2,742,Rocsta
3,993,Cygnet
3,1302,DB11
3,368,DB7
3,387,DB9
3,630,DBS
3,1300,DBS Superleggera
3,1309,DBX
3,952,Rapide
3,369,V8
3,578,V8 Vantage
3,446,Vanquish
3,579,Vantage
3,947,Vantage V12
3,946,Vantage V8
3,756,Virage
3,755,Volante
4,870,100
4,869,200
4,6,80
4,871,90
4,966,A1
4,419,A2
4,345,A3
4,7,A4
4,1275,A4 Allroad
4,925,A4 Allroad Quattro
4,611,A5
4,27,A6
4,1023,A6 allroad quattro
4,1581,A6 e-tron
4,974,A7
4,105,A8
4,414,Allroad Quattro
4,230,Cabriolet
4,100,Coupe
4,1267,e-tron
4,1353,e-tron GT
4,1307,e-tron Sportback
4,1199,Q2
4,999,Q3
4,1293,Q3 Sportback
4,1368,Q4 e-tron
4,1376,Q4 Sportback e-tron
4,904,Q5
4,1342,Q5 SPORTBACK
4,1545,Q6 e-tron
4,571,Q7
4,1255,Q8
4,1457,Q8 e-tron
4,1458,Q8 e-tron Sportback
4,1491,Q8 Sportback e-tron
4,608,R8
4,104,RS2
4,991,RS3
4,416,RS4
4,960,RS5
4,459,RS6
4,1054,RS7
4,1117,S1
4,103,S2
4,408,S3
4,359,S4
4,612,S5
4,96,S6
4,1030,S7
4,344,S8
4,1048,SQ5
4,1184,SQ7
4,360,TT
4,933,TT RS
4,888,TTS
4,868,V8
111,865,Maestro
111,866,Metro
111,726,Mini
111,867,Mini Moke
111,768,Montego
1321,790,Diesel
6,312,Arnage
6,268,Azure
6,1168,Bentayga
6,265,Brooklands
6,267,Continental
6,553,Continental Flying Spur
6,494,Continental GT
6,926,Continental GTC
6,1024,Continental Supersports
6,736,Eight
6,1079,Flying Spur
6,735,Mulsanne
6,266,Turbo
6,734,Turbo R
241,789,Freeclimber Diesel
7,171,Compact
7,1056,i3
7,1374,i4
7,1498,i5
7,1422,i7
7,1085,i8
7,1361,iX
7,1444,iX1
7,1515,ix2
7,1324,iX3
7,539,Serie 1
7,1092,Serie 2
7,1158,Serie 2 Active Tourer
7,1159,Serie 2 Gran Tourer
7,70,Serie 3
7,1084,Serie 4
7,71,Serie 5
7,514,Serie 6
7,177,Serie 7
7,178,Serie 8
7,944,X1
7,1241,X2
7,515,X3
7,1119,X4
7,438,X5
7,880,X6
7,1259,X7
7,1445,XM
7,864,Z1
7,282,Z3
7,291,Z4
7,394,Z8
1345,1061,Veyron
1352,1480,Atto 3
1352,1492,Dolphin
1352,1112,E6
1352,1482,Han
1352,1509,Seal
1352,1536,Seal U
1352,1479,Tang
8,549,BLS
8,504,CTS
8,240,El Dorado
8,547,Escalade
8,238,Seville
8,540,SRX
8,239,STS
8,519,XLR
1415,1473,Logistar 200
1415,1471,Metro
9,384,Alero
9,245,Astro
9,502,Aveo
9,244,Blazer
9,367,Camaro
9,592,Captiva
9,243,Corvette
9,1089,Corvette Stingray
9,932,Cruze
9,584,Epica
9,364,Evanda
9,886,HHR
9,501,Kalos
9,517,Lacetti
9,1029,Malibu
9,374,Matiz
9,297,Nubira
9,988,Orlando
9,954,Spark
9,444,Tacuma
9,440,Tahoe
9,451,TrailBlazer
9,366,Trans Sport
9,1070,Trax
9,1014,Volt
10,520,300C
10,119,300M
10,512,Crossfire
10,123,Grand Voyager
10,862,Le Baron
10,135,Neon
10,246,New Yorker
10,441,PT Cruiser
10,863,Saratoga
10,144,Sebring
10,145,Sebring 200C
10,143,Stratus
10,124,Viper
10,118,Vision
10,137,Voyager
11,860,2CV
11,1463,AMI
11,127,AX
11,678,Berlingo
11,896,Berlingo First
11,745,BX
11,556,C1
11,635,C-15
11,251,C2
11,761,C25
11,485,C3
11,1224,C3 Aircross
11,1538,C3 Origin
11,927,C3 Picasso
11,496,C3 Pluriel
11,353,C4
11,1031,C4 Aircross
11,1118,C4 Cactus
11,619,C4 Picasso
11,890,C4 Sedán
11,1247,C4 Spacetourer
11,1455,C4 X
11,427,C5
11,1260,C5 Aircross
11,1314,C5 Aircross Hybrid
11,1385,C5 X
11,586,C6
11,130,C8
11,625,C-Crosser
11,1047,C-Elysée
11,856,CX
11,989,C-Zero
11,957,DS3
11,998,DS4
11,1015,DS5
11,1454,ë-Berlingo
11,1539,ë-C3
11,1558,ë-C3 Aircross
11,1331,ë-C4
11,1456,ëC4 X
11,1448,ë-Jumpy
11,1191,E-Mehari
11,1453,ë-Spacetourer
11,129,Evasión
11,594,Grand C4 Picasso
11,1248,Grand C4 Spacetourer
11,857,GSA
11,1582,Holidays
11,663,Jumper
11,670,Jumpy
11,859,LNA
11,878,Nemo
11,250,Saxo
11,1196,Spacetourer
11,858,Visa
11,11,Xantia
11,125,XM
11,352,Xsara
11,413,Xsara Picasso
11,128,ZX
1327,375,Corvette
1400,1258,Ateca
1400,1381,Born
1400,1329,Formentor
1400,1335,León
1400,1555,Tavascan
1400,1580,Terramar
1011,31,Contac
1011,1055,Dokker
1011,962,Duster
1011,1389,Jogger
1011,1028,Lodgy
1011,575,Logan
1011,903,Sandero
1011,1370,Spring
12,203,Aranos
12,298,Compact
12,363,Evanda
12,500,Kalos
12,516,Lacetti
12,295,Lanos
12,362,Leganza
12,373,Matiz
12,202,Nexia
12,296,Nubira
12,299,Nubira Compact
12,443,Tacuma
13,65,Applause
13,66,Charade
13,236,Feroza
13,235,Rocky
13,574,Sirion
13,314,Terios
145,747,Double Six
145,114,Serie XJ
145,855,Series III
145,748,Six
145,557,XJ
1351,1467,500
1351,1268,580
1351,1320,Fengon 5
1351,1319,ix5
1351,1354,Seres 3
1351,1102,Serie K
1351,1107,Serie K
1351,1110,Serie K
1351,1111,Serie K
1351,1101,Serie V
1351,1103,Serie V
1351,1104,Serie V
173,618,Avenger
173,582,Caliber
173,1519,Challenger
173,1518,Charger
173,1517,Durango
173,894,Journey
173,616,Nitro
173,541,Viper
1431,1576,Box
1401,1486,DR 1.0 EV
1401,1403,DR 3
1401,1484,DR 3.0
1401,1404,DR 4.0
1401,1411,DR 5.0
1401,1409,DR 6
1401,1487,DR 6.0
1401,1488,DR 7.0
1401,1408,DR EVO 5
1401,1410,DR F35
1401,1270,DR3
1401,1269,DR4
1401,1402,DR4.0
1401,1271,DR5 EVO
1401,1272,DR6
1401,1405,F35
1401,1485,PK8
1358,1149,DS 3
1358,1263,DS 3 Crossback
1358,1308,DS 3 Crossback E-Tense
1358,1147,DS 4
1358,1169,DS 4 Crossback
1358,1148,DS 5
1358,1440,DS 7
1358,1223,DS 7 Crossback
1358,1290,DS 7 Crossback E-Tense
1358,1348,DS 9
1358,1152,DS3
1358,1150,DS4
1410,1477,cross 4
1410,1412,EVO 3
1410,1414,EVO 3 Electric
1410,1413,EVO 4
1410,1415,EVO 5
1410,1526,EVO 7
146,854,328
146,737,348
146,744,355
146,190,360
146,852,412
146,629,430
146,196,456
146,197,456M
146,953,458
146,1161,488
146,1151,488 GTB
146,739,512
146,193,550 Maranello
146,194,575M Maranello
146,195,599
146,198,612
146,1245,812
146,912,California
146,511,Enzo
146,1099,F12
146,1078,F12 Berlinetta
146,189,F355
146,851,F40
146,191,F430
146,294,F50
146,192,F512 M
146,1027,FF
146,1183,GTC4
146,1059,LaFerrari
146,853,Mondial
146,1244,Portofino
146,560,Superamerica
146,738,Testarossa
14,1180,124 Spider
14,598,500
14,963,500C
14,1038,500L
14,1138,500X
14,397,600
14,849,Argenta
14,211,Barchetta
14,278,Brava
14,276,Bravo
14,13,Cinquecento
14,172,Coupé
14,1,Croma
14,694,Doblò
14,693,Doblò Cargo
14,1280,Doblò Panorama
14,664,Ducato
14,1434,e-Doblò
14,1476,E-Ulysse
14,654,Fiorino
14,1002,Freemont
14,1190,Fullback
14,76,Grande Punto
14,531,Idea
14,597,Linea
14,210,Marea
14,400,Multipla
14,355,Palio Weekend
14,163,Panda
14,1017,Panda Classic
14,75,Punto
14,913,Punto Classic
14,958,Punto EVO
14,914,Qubo
14,767,Regata
14,850,Ritmo
14,595,Sedici
14,14,Seicento
14,277,Stilo
14,710,Strada
14,785,Talento
14,209,Tempra
14,164,Tipo
14,184,Ulysse
14,175,Uno
1383,1530,Ocean
15,1033,B-MAX
15,1483,Bronco
15,847,Capri
15,497,C-Max
15,967,Connect
15,382,Cougar
15,655,Courier
15,1063,EcoSport
15,1174,Edge
15,37,Escort
15,233,Explorer
15,86,Fiesta
15,38,Focus
15,476,Focus C-MAX
15,490,Fusion
15,283,Galaxy
15,848,Granada
15,972,Grand C-Max
15,1136,Grand Tourneo Connect
15,1132,Grand Tourneo Custom
15,289,KA
15,1192,Ka+
15,882,Kuga
15,26,Maverick
15,39,Mondeo
15,1130,Mustang
15,1326,Mustang Mach-E
15,760,Orion
15,776,Pick Up
15,176,Probe
15,365,Puma
15,688,Ranger
15,40,Scorpio
15,757,Sierra
15,590,S-MAX
15,495,StreetKa
15,1128,Tourneo Connect
15,1127,Tourneo Courier
15,1044,Tourneo Custom
15,645,Transit
15,702,Transit Connect
15,1114,Transit Courier
15,1043,Transit Custom
1430,1574,Tunland G7
1430,1575,Tunland V9
16,370,Exceed
16,381,Santamo
16,395,Super Exceed
69,93,Accord
69,97,Civic
69,846,Concerto
69,354,CR-V
69,101,CRX
69,964,CR-Z
69,1505,e:NY1
69,544,FR-V
69,1298,Honda e
69,401,HR-V
69,924,Insight
69,456,Jazz
69,220,Legend
69,402,Logo
69,199,NSX
69,102,Prelude
69,409,S2000
69,454,Stream
69,1504,ZR-V
1423,1542,E-HS9
234,475,H2
234,564,H3
234,921,H3T
18,132,Accent
18,356,Atos
18,412,Atos Prime
18,1372,Bayon
18,216,Coupé
18,121,Elantra
18,986,Genesis
18,491,Getz
18,1064,Grand Santa Fe
18,879,Grandeur
18,357,H-1
18,1144,H-1 Travel
18,885,i10
18,928,i20
18,1189,i20 Active
18,622,i30
18,1000,i40
18,901,i800
18,1202,IONIQ
18,1371,IONIQ 5
18,1465,IONIQ 6
18,980,ix20
18,961,ix35
18,922,ix55
18,1239,Kona
18,36,Lantra
18,431,Matrix
18,1249,Nexo
18,728,Pony
18,425,Santa Fe
18,215,Scoupe
18,51,Sonata
18,908,Sonata FL
18,1427,Staria
18,428,Terracan
18,418,Trajet
18,529,TUCSON
18,1003,Veloster
18,417,XG
1409,1424,Grenadier
1025,910,EX
1025,911,FX
1025,909,G
1025,973,M
1025,1086,Q30
1025,1068,Q50
1025,1121,Q60
1025,1122,Q70
1025,1195,QX30
1025,1124,QX50
1025,1123,QX70
185,20,Elba
185,845,Minitre
1405,1346,D2S
1405,1392,Metro
1405,1393,Orca
1413,1460,Cenntro Logistar Pick Up
1413,1432,D2S
1413,1462,EVum aCar
1413,1433,Metro
1413,1431,Orca
1413,1429,Orca Pick Up
19,706,D MAX
19,723,D-Max
19,698,Pick Up
19,712,Rodeo
19,393,Trooper
126,633,Daily
126,887,Massif
1434,1589,7
20,1226,E-Pace
20,1166,F-Pace
20,1058,F-Type
20,1246,i-Pace
20,91,Serie XJ
20,92,Serie XK
20,406,S-Type
20,1139,XE
20,407,XF
20,113,XJ
20,426,X-Type
21,1452,Avenger
21,148,Cherokee
21,580,Commander
21,603,Compass
21,1364,Gladiator
21,218,Grand Cherokee
21,617,Patriot
21,1131,Renegade
21,138,Wrangler
21,614,Wrangler Unlimited
1427,1566,Korando
1427,1569,Musso
1427,1564,Rexton
1427,1565,Tivoli
1427,1567,Tivoli Grand
1427,1568,Torres
22,439,Carens
22,386,Carnival
22,607,cee'd
22,1041,cee'd Sportswagon
22,626,cee'd Sporty Wagon
22,1276,Ceed Tourer
22,445,Cerato
22,348,Clarus
22,1266,e-Niro
22,1287,e-Soul
22,1591,EV3
22,1369,EV6
22,1502,EV9
22,389,Joice
22,703,k2500
22,701,K2500 Frontier
22,429,Magentis
22,1197,Niro
22,1235,Niro Hïbrido Enchufable
22,1273,Niro PHEV
22,530,Opirus
22,1019,Optima
22,1210,Optima GT
22,1234,Optima Hïbrido Enchufable
22,1209,Optima PHEV
22,1208,Optima SW
22,1207,Optima SW GT
22,1236,Optima SW Hïbrido Enchufable
22,1274,Optima SW PHEV
22,535,Picanto
22,347,Pride
22,631,Pro Cee'd
22,1205,pro_cee'd GT
22,1317,ProCeed
22,442,Rio
22,140,Sephia
22,141,Sephia II
22,372,Shuma
22,489,Sorento
22,919,Soul
22,1206,Soul EV
22,139,Sportage
22,1237,Stinger
22,1229,Stonic
22,955,Venga
22,1294,XCeed
1349,1076,XBow
153,507,214
153,1088,4X4
153,627,Kalina
153,165,Niva
153,983,Priora
153,234,Sagona
153,161,Samara
153,844,Serie 2100
153,378,Stawra 2110
243,1382,
243,995,Aventador
243,526,Gallardo
243,1116,Huracán
243,527,Murcielago
243,1062,Veneno
23,843,A112
23,84,Dedra
23,19,Delta
23,61,K
23,758,Kappa
23,183,Lybra
23,536,Musa
23,343,Phedra
23,842,Prisma
23,743,Thema
23,342,Thesis
23,841,Trevi
23,1013,Voyager
23,339,Y
23,78,Y10
23,340,Ypsilon
23,992,Ypsilon Elefantino
23,204,Z
23,749,Zeta
24,231,Defender
24,232,Discovery
24,939,Discovery 4
24,1134,Discovery Sport
24,313,Freelander
24,115,Range Rover
24,994,Range Rover Evoque
24,546,Range Rover Sport
24,1218,Range Rover Velar
128,713,Maxus
1432,1586,C10
1432,1587,T03
25,985,CT
25,1251,ES
25,746,GS
25,126,GS300
25,334,GS430
25,583,GS450h
25,335,GS460
25,883,IS
25,323,IS200
25,565,IS220d
25,480,IS250
25,479,IS300
25,1512,LBX
25,1203,LC
25,1494,LM
25,741,LS
25,32,LS400
25,33,LS430
25,602,LS460
25,620,LS600h
25,1125,NX
25,1126,RC
25,930,RX
25,333,RX300
25,581,RX350
25,562,RX400h
25,1436,RZ
25,929,SC
25,430,SC430
25,1256,UX
163,1583,JS50
163,1584,JS60
163,1585,Myli
147,423,Elise
147,1438,Emira
147,424,Exige
1404,1336,01
246,714,Bolero Pick-Up
246,787,CJ
246,1179,Genio
246,716,Goa
246,715,Goa Pick-Up
246,1305,Goa Pik Up Plus
246,1254,KUV100
246,1350,KUV100 NXT
246,1006,Pikup
246,1178,Quanto
246,1007,Thar
246,1146,XUV500
26,840,224
26,839,228
26,403,3200 GT
26,766,430
26,838,Biturbo
26,404,Coupé
26,336,Ghibli
26,948,GranCabrio
26,552,Gransport
26,623,GranTurismo
26,1416,Grecale
26,1181,Levante
26,1332,MC20
26,338,Quattroporte
26,337,Shamal
26,483,Spyder
1403,1401,Euniq 5
1403,1493,Mifa 9
1403,1466,T90
1323,471,Maybach
27,80,121
27,162,323
27,79,626
27,837,929
27,704,B-2500
27,717,BT-50
27,1140,CX-3
27,1285,CX-30
27,1016,CX-5
27,1407,CX-60
27,613,CX-7
27,1550,CX-80
27,1137,CX-9
27,377,Demio
27,505,Mazda2
27,287,Mazda3
27,561,Mazda5
27,453,Mazda6
27,288,MPV
27,223,MX-3
27,1321,MX-30
27,237,MX-5
27,836,MX6
27,437,Premacy
27,227,RX-7
27,508,RX-8
27,687,Serie B
27,452,Tribute
27,74,Xedos 6
27,85,Xedos 9
1347,1081,12C
1347,1082,12C Spyder
1347,1083,P1
28,637,100D
28,638,140D
28,639,180D
28,765,190
28,762,200
28,750,220
28,835,230
28,834,260
28,731,280
28,831,300
28,781,400
28,833,420
28,832,500
28,780,600
28,1143,AMG GT
28,1042,Citan
28,1299,CLA
28,275,Clase A
28,566,Clase B
28,8,Clase C
28,57,Clase CL
28,1057,Clase CLA
28,891,Clase CLC
28,269,Clase CLK
28,542,Clase CLS
28,41,Clase E
28,167,Clase G
28,550,Clase GL
28,1100,Clase GLA
28,1162,Clase GLC
28,1154,Clase GLE
28,1155,Clase GLE Coupé
28,905,Clase GLK
28,1173,Clase GLS
28,309,Clase M
28,548,Clase R
28,56,Clase S
28,55,Clase SL
28,830,Clase SL R129
28,1176,Clase SLC
28,258,Clase SLK
28,1426,Clase T
28,259,Clase V
28,1238,Clase X
28,1521,CLE
28,1243,CLS
28,1355,EQA
28,1390,EQB
28,1284,EQC
28,1423,EQE
28,1468,EQE SUV
28,1383,EQS
28,1469,EQS SUV
28,1495,EQT
28,1322,EQV
28,1098,GLA
28,1306,GLB
28,1439,GLC
28,1194,GLC Coupé
28,1261,GLE
28,1318,GLE Coupé
28,1286,GLS
28,1215,Mercedes-AMG GT
28,1578,Mercedes-AMG GT 4-Puertas Coupé
28,1577,Mercedes-AMG GT Coupé
28,1421,Mercedes-AMG SL
28,473,SL-Klasse
28,474,SLR McLaren
28,951,SLS AMG
28,666,Sprinter
28,727,Transporter
28,466,Vaneo
28,260,Viano
28,668,Vito
29,1365,eHS
29,1362,HS
29,1386,Marvel R
29,1551,MG3 Hybrid+
29,1443,MG4
29,1406,MG5
29,253,MGF
29,254,TF
29,433,ZR
29,434,ZS
29,1366,ZS EV
29,1596,ZS Hybrid+
29,435,ZT
29,482,ZT-T
1428,1570,I
1433,1588,Microlino
222,1556,AcEMAN
222,1167,CLUBMAN
222,1527,COOPER
222,971,Countryman
222,449,MINI
222,1052,Paceman
30,829,300 GT
30,224,3000 GT
30,965,ASX
30,673,Canter
30,280,Carisma
30,173,Colt
30,281,Eclipse
30,1242,Eclipse Cross
30,111,Galant
30,563,Grandis
30,997,i-MiEV
30,658,L200
30,518,Lancer
30,72,Montero
30,388,Montero iO
30,383,Montero Sport
30,509,Outlander
30,206,Space Gear
30,201,Space Runner
30,376,Space Star
30,174,Space Wagon
149,605,+4
149,421,4/4
149,498,Aero 8
149,730,Plus 4
149,422,Plus 8
149,534,Roadster
149,533,V6
1419,1501,Spartan
1417,1474,Orca
31,228,100 NX
31,157,200 SX
31,169,300 ZX
31,521,350Z
31,942,370Z
31,303,Almera
31,415,Almera Tino
31,1425,Ariya
31,828,Bluebird
31,692,Cabstar
31,691,Cabstar E
31,779,CAMION
31,959,CUBE
31,1188,e-NV200 EVALIA
31,1018,EVALIA
31,941,GT-R
31,696,Interstar
31,976,JUKE
31,1008,LEAF
31,751,Maxima
31,110,Maxima QX
31,34,Micra
31,567,Murano
31,685,Navara
31,588,NOTE
31,1175,NP300 Navara
31,906,NP300 Pick Up
31,949,NV200
31,1187,NV200 EVALIA
31,1213,NV300
31,396,Pathfinder
31,107,Patrol
31,219,Patrol GR
31,684,Pick-up
31,938,Pixo
31,827,Prairie
31,699,Primastar
31,99,Primera
31,1129,PULSAR
31,606,QASHQAI
31,915,QASHQAI+2
31,106,Serena
31,35,Sunny
31,25,Terrano
31,24,Terrano II
31,632,Tiida
31,1391,Townstar
31,644,Trade
31,643,Vanette
31,665,Vanette Cargo
31,455,X-TRAIL
1420,1507,5
1420,1572,5 EV
1420,1543,E5
32,1051,Adam
32,392,Agila
32,1026,Ampera
32,596,Antara
32,826,Ascona
32,67,Astra
32,1514,Astra Electric
32,1399,Astra PHEV
32,1075,Cabrio
32,69,Calibra
32,659,Combo
32,1537,Combo Electric
32,1253,Combo Life
32,1377,Combo-e Life
32,77,Corsa
32,1503,Corsa Electric
32,1289,Corsa-e
32,1337,Crossland
32,1219,Crossland X
32,170,Frontera
32,1563,Frontera Electric
32,1379,Grandland
32,1398,Grandland PHEV
32,1228,Grandland X
32,1292,Grandland X PHEV
32,615,GT
32,1163,GTC
32,918,Insignia
32,775,Kadett
32,1160,Karl
32,825,Manta
32,506,Meriva
32,1036,Mokka
32,1198,Mokka X
32,1333,Mokka-e
32,222,Monterey
32,822,Monza
32,686,Movano
32,151,Omega
32,824,Rekord
32,823,Senator
32,499,Signum
32,292,Sintra
32,448,Speedster
32,188,Tigra
32,68,Vectra
32,695,Vivaro
32,385,Zafira
32,1531,Zafira Electric
32,1281,Zafira Life
32,1012,Zafira Tourer
32,1339,Zafira-e Life
33,554,1007
33,81,106
33,558,107
33,1135,108
33,1077,2008
33,82,205
33,380,206
33,1094,206 +
33,487,206 SW
33,587,207
33,1095,207 +
33,1021,208
33,934,3008
33,1316,3008 Hybrid
33,1554,3008 Plug-in Hybrid
33,42,306
33,293,307
33,484,307 SW
33,447,308
33,821,309
33,621,4007
33,1039,4008
33,155,405
33,156,406
33,279,407
33,488,407 SW
33,1441,408
33,950,5008
33,1490,5008 Hybrid
33,1560,5008 Plug-in Hybrid
33,820,505
33,982,508
33,1315,508 Hybrid
33,819,604
33,43,605
33,420,607
33,185,806
33,200,807
33,881,Bipper
33,662,Boxer
33,1303,e-2008
33,1291,e-208
33,1523,E-3008
33,1489,E-308
33,1559,E-5008
33,1450,e-Rifter
33,1347,e-Traveller
33,990,ion
33,778,J5
33,681,Partner
33,893,Partner Origin
33,968,RCZ
33,1252,Rifter
33,1201,Traveller
87,660,Porter
87,721,Quargo
1402,1420,2
1402,1437,3
1402,1516,4
112,241,Firebird
112,242,TRANS AM
112,226,Trans Sport
34,1177,718
34,73,911
34,996,918
34,818,924
34,753,928
34,817,944
34,754,968
34,290,Boxster
34,510,Carrera GT
34,503,Cayenne
34,1277,Cayenne Coupé
34,573,Cayman
34,1097,Macan
34,936,Panamera
34,1297,Taycan
1348,1072,3
1348,1073,3 Estate
1372,1520,RAM 1500
35,729,19
35,1552,5
35,1579,5 E-Tech
35,811,Alpine
35,1363,Arkana
35,1442,Austral
35,464,Avantime
35,1069,Captur
35,90,Clio
35,478,Clio Campus
35,1074,Clio III
35,153,Espace
35,634,Express
35,956,Fluence
35,812,Fuego
35,306,Grand Espace
35,1025,Grand Kangoo Combi
35,875,Grand Modus
35,477,Grand Scénic
35,1153,Kadjar
35,674,Kangoo
35,876,Kangoo Combi
35,1533,Kangoo Combi E-Tech
35,898,Koleos
35,54,Laguna
35,987,Latitude
35,677,Mascott
35,649,Master
35,700,Master Propulsión
35,720,Maxity
35,17,Mégane
35,1395,Megane E-Tech
35,543,Modus
35,149,Nevada
35,814,R11
35,813,R18
35,764,R21
35,759,R25
35,773,R4
35,763,R5
35,816,R6
35,815,R9
35,1540,Rafale
35,18,Safrane
35,270,Scénic
35,1529,Scenic E-Tech
35,261,Spider
35,1557,Symbioz
35,1165,Talisman
35,648,Trafic
35,122,Twingo
35,1532,Twingo E-Tech
35,1080,Twizy
35,469,Vel Satis
35,975,Wind
35,1071,Zoe
36,329,Corniche
36,264,Park Ward
36,493,Phantom
36,311,Silver Seraph
36,263,Silver Spur
36,733,Silvier
36,262,Siver Dawn
36,732,Touring
36,1067,Wraith
37,52,100
37,116,200
37,255,25
37,213,400
37,214,45
37,50,600
37,324,75
37,15,800
37,221,Cabriolet
37,117,Coupe
37,271,Mini
37,810,SD
37,513,Streetwise
38,3,900
38,5,9000
38,4,9-3
38,940,9-3X
38,1004,9-4X
38,212,9-5
1328,576,300
1328,577,350
1328,697,Anibal
1328,711,Anibal Pick Up
39,341,Alhambra
39,525,ALTEA
39,624,Altea Freetrack
39,600,Altea XL
39,1231,Arona
39,349,Arosa
39,1182,Ateca
39,94,Córdoba
39,923,Exeo
39,2,Ibiza
39,669,Inca
39,410,León
39,808,Malaga
39,225,Marbella
39,1011,Mii
39,809,Ronda
39,1264,Tarraco
39,650,Terra
39,98,Toledo
1422,1524,Seres 3
1422,1541,Seres 5
40,806,130
40,1034,Citigo
40,1341,Enyaq
40,1435,Enyaq Coupe
40,411,Fabia
40,805,Favorit
40,9,Felicia
40,108,Forman
40,1296,Kamiq
40,1230,Karoq
40,1212,Kodiaq
40,350,Octavia
40,351,Octavia Tour
40,657,Pickup
40,1053,Rapid
40,604,Roomster
40,807,S
40,1278,Scala
40,610,Scout
40,1093,Spaceback
40,457,Superb
40,943,Yeti
1425,1549,BE11
41,1446,#1
41,1525,#3
41,327,cabrio
41,317,city-coupé
41,467,crossblade
41,524,forfour
41,318,fortwo
41,472,roadster
41,316,smart
42,601,Actyon
42,719,Actyon Sports Pick Up
42,22,Family
42,23,K4D
42,740,Kodando
42,21,Korando
42,274,Korando KJ
42,572,Kyron
42,136,Musso
42,470,Rexton
42,528,Rexton II
42,569,Rodius
42,708,Sports Pick Up
42,1141,Tivoli
42,1373,Tivoli Grand
42,1513,Torres
42,1193,XLV
43,804,1800
43,593,B9 Tribeca
43,1049,BRZ
43,1528,crosstrek
43,310,Forester
43,523,G3X Justy
43,63,Impreza
43,158,Justy
43,62,Legacy
43,1170,LEVORG
43,308,Outback
43,1481,Solterra
43,64,SVX
43,1001,Trezia
43,884,Tribeca
43,981,WRX STI
43,803,XT
43,1022,XV
44,1338,Across
44,252,Alto
44,142,Baleno
44,1142,Celerio
44,320,Grand Vitara
44,465,Grand Vitara XL-7
44,332,Ignis
44,319,Jimny
44,978,Kizashi
44,458,Liana
44,10,Maruti
44,168,Samurai
44,1060,SCross
44,892,Splash
44,1349,Swace
44,44,Swift
44,589,SX4
44,1087,SX4 S-Cross
44,133,Vitara
44,304,Wagon R+
1411,1418,G01
1411,1419,G01F
156,802,Horizon
156,774,Samba
156,801,Solara
156,800,Tagora
45,1045,Aria
45,585,Grand Safari
45,468,INDICA
45,538,INDIGO
45,325,Safari
45,315,Sumo
45,147,Telco
45,146,Telcosport
45,676,TL Pick Up
45,1032,Vista
45,1035,Xenon
45,874,Xenon Pick Up
1354,1262,Model 3
1354,1171,Model S
1354,1172,Model X
1354,1328,Model Y
46,53,4Runner
46,273,Auris
46,305,Avensis
46,432,Avensis Verso
46,555,Aygo
46,1396,Aygo X Cross
46,1478,BZ4X
46,120,Camry
46,12,Carina E
46,134,Celica
46,1211,C-HR
46,272,Corolla
46,1511,Corolla Cross
46,492,Corolla Sedán
46,481,Corolla Verso
46,718,Dyna
46,1352,GR Supra
46,1340,GR Yaris
46,1464,GR86
46,1037,GT86
46,1351,Highlander
46,599,Hilux
46,935,iQ
46,256,Land Cruiser
46,249,Land Cruiser 100
46,877,Land Cruiser 200
46,248,Land Cruiser 80
46,257,Land Cruiser 90
46,1295,Mirai
46,328,MR2
46,247,Paseo
46,321,Picnic
46,330,Previa
46,331,Prius
46,1096,Prius+
46,1312,Proace City
46,1313,Proace City Verso
46,1216,Proace Verso
46,131,Rav4
46,150,Supra
46,937,Urban Cruiser
46,931,Verso
46,322,Yaris
46,1367,Yaris Cross
46,326,Yaris Verso
1324,28,100
1324,29,121
1325,379,110 Stawra
1325,390,111 Stawra
1325,450,112 Stawra
1325,166,214
1325,391,215
47,979,Amarok
47,1220,Arteon
47,1005,Beetle
47,398,Bora
47,545,Caddy
47,724,California
47,609,Caravelle
47,1020,CC
47,152,Corrado
47,682,Crafter
47,591,Eos
47,1304,e-up!
47,570,Fox
47,89,Golf
47,568,Golf Plus
47,1120,Golf Sportsvan
47,1311,Grand California
47,1428,ID. BUZZ
47,1325,ID.3
47,1334,ID.4
47,1388,ID.5
47,1510,ID.7
47,399,Jetta
47,652,LT
47,361,Lupo
47,522,Multivan
47,405,New Beetle
47,83,Passat
47,895,Passat CC
47,460,Phaeton
47,109,Polo
47,752,Santana
47,799,Scirocco
47,346,Sharan
47,1384,Taigo
47,656,Taro
47,1265,T-Cross
47,628,Tiguan
47,1240,Tiguan Allspace
47,461,Touareg
47,462,Touran
47,636,Transporter
47,1232,T-Roc
47,1009,up!
47,95,Vento
47,1065,XL1
48,796,240
48,798,340
48,797,360
48,45,440
48,179,460
48,112,480
48,795,740
48,794,760
48,793,780
48,46,850
48,88,940
48,180,960
48,551,C30
48,1378,C40
48,302,C70
48,229,Classic
48,1548,EC40
48,1500,EX30
48,1544,EX40
48,1470,EX90
48,284,S40
48,436,S60
48,1157,S60 Cross Country
48,47,S70
48,371,S80
48,181,S90
48,285,V40
48,1050,V40 Cross Country
48,286,V50
48,977,V60
48,1156,V60 Cross Country
48,48,V70
48,49,V70 Classic
48,300,V70 XC
48,182,V90
48,1204,V90 Cross Country
48,1233,XC40
48,900,XC60
48,301,XC70
48,486,XC90
1426,1562,Dream
1426,1561,Free
1435,1593,G6
1435,1595,G9
1435,1594,P7
1421,1522,3
1418,1475,D2S
