"model_id","name","brand_id","wallapop_name"
"186","145","1","145"
"205","146","1","146"
"187","147","1","147"
"58","155","1",""
"59","156","1","156"
"60","159","1","159"
"87","164","1",""
"217","166","1","166"
"771","33","1",""
"1066","4C","1","4C"
"770","75","1",""
"769","90","1",""
"559","Brera","1","Brera"
"537","Crosswagon","1",""
"1185","Giulia","1","Giulia"
"872","Giulietta","1","Giulietta"
"532","GT","1","GT"
"207","GTV","1","GTV"
"907","MiTo","1",""
"208","Spider","1","Spider"
"873","Sprint","1",""
"1217","Stelvio","1","Stelvio"
"1417","Tonale","1","Tonale"
"","","1","8C Competizione"
"","","1","MiTO"
"742","Rocsta","2",""
"993","Cygnet","3","Cygnet"
"1302","DB11","3","DB11"
"368","DB7","3","DB7"
"387","DB9","3","DB9"
"630","DBS","3","DBS"
"1300","DBS Superleggera","3","DBS Superleggera"
"1309","DBX","3","DBX"
"952","Rapide","3","Rapide"
"369","V8","3",""
"578","V8 Vantage","3",""
"446","Vanquish","3","Vanquish"
"579","Vantage","3","Vantage"
"947","Vantage V12","3",""
"946","Vantage V8","3",""
"756","Virage","3","Virage"
"","","3","Volante"
"870","100","4",""
"869","200","4",""
"6","80","4",""
"871","90","4",""
"966","A1","4","A1"
"419","A2","4","A2"
"345","A3","4","A3"
"7","A4","4","A4"
"925","A4 Allroad Quattro","4",""
"611","A5","4","A5"
"27","A6","4","A6"
"1023","A6 allroad quattro","4",""
"974","A7","4","A7"
"105","A8","4","A8"
"414","Allroad Quattro","4",""
"230","Cabriolet","4","Cabriolet"
"100","Coupe","4",""
"1267","e-tron","4","e-tron"
"1353","e-tron GT","4","e-tron GT"
"1307","e-tron Sportback","4",""
"1199","Q2","4","Q2"
"999","Q3","4","Q3"
"1293","Q3 Sportback","4",""
"1368","Q4 e-tron","4",""
"1376","Q4 Sportback e-tron","4",""
"904","Q5","4","Q5"
"1342","Q5 SPORTBACK","4",""
"571","Q7","4","Q7"
"1255","Q8","4","Q8"
"1457","Q8 e-tron","4","Q8 e-tron"
"1458","Q8 e-tron Sportback","4",""
"1491","Q8 Sportback e-tron","4",""
"608","R8","4","R8"
"104","RS2","4",""
"991","RS3","4","RS3"
"416","RS4","4","RS4"
"960","RS5","4","RS5"
"459","RS6","4","RS6"
"1054","RS7","4","RS7"
"1090","RS Q3","4","RS Q3"
"1117","S1","4","S1"
"103","S2","4",""
"408","S3","4","S3"
"359","S4","4","S4"
"612","S5","4","S5"
"96","S6","4","S6"
"1030","S7","4","S7"
"344","S8","4","S8"
"1048","SQ5","4","SQ5"
"1184","SQ7","4","SQ7"
"360","TT","4","TT"
"933","TT RS","4","TT RS"
"888","TTS","4",""
"868","V8","4",""
"","","4","A1 allstreet"
"","","4","A1 citycarver "
"","","4","A4 Allroad"
"","","4","A6 Allroad"
"","","4","e-tron S"
"","","4","Q4"
"","","4","RS e-tron GT"
"","","4","RS Q8"
"","","4","SQ2"
"","","4","SQ8"
"","","4","SQ8 e-tron"
"312","Arnage","6","Arnage"
"268","Azure","6","Azure"
"1168","Bentayga","6","Bentayga"
"265","Brooklands","6","Brooklands"
"267","Continental","6","Continental"
"553","Continental Flying Spur","6",""
"494","Continental GT","6",""
"926","Continental GTC","6",""
"1024","Continental Supersports","6",""
"1079","Flying Spur","6","Flying Spur"
"735","Mulsanne","6","Mulsanne"
"266","Turbo","6",""
"734","Turbo R","6",""
"171","Compact","7",""
"1056","i3","7","i3"
"1374","i4","7","i4"
"1498","i5","7","i5"
"1422","i7","7","i7"
"1085","i8","7","i8"
"1361","iX","7","iX"
"1444","iX1","7","iX1"
"1515","ix2","7",""
"1324","iX3","7","iX3"
"539","Serie 1","7","Serie 1"
"1092","Serie 2","7","Serie 2"
"1158","Serie 2 Active Tourer","7",""
"1159","Serie 2 Gran Tourer","7",""
"70","Serie 3","7","Serie 3"
"1084","Serie 4","7","Serie 4"
"71","Serie 5","7","Serie 5"
"514","Serie 6","7","Serie 6"
"177","Serie 7","7","Serie 7"
"178","Serie 8","7","Serie 8"
"944","X1","7","X1"
"1241","X2","7","X2"
"515","X3","7","X3"
"1119","X4","7","X4"
"438","X5","7","X5"
"880","X6","7","X6"
"1259","X7","7","X7"
"1445","XM","7","XM"
"864","Z1","7",""
"282","Z3","7","Z3"
"291","Z4","7","Z4"
"394","Z8","7","Z8"
"","","7","iX2"
"","","7","Serie 6 GT"
"","","7","X3 M"
"","","7","X4 M"
"","","7","X5 M"
"","","7","X6 M"
"549","BLS","8","BLS"
"504","CTS","8","CTS"
"240","El Dorado","8",""
"547","Escalade","8","Escalade"
"238","Seville","8","Seville"
"540","SRX","8","SRX"
"239","STS","8","STS"
"519","XLR","8","XLR"
"","","8","ATS"
"384","Alero","9","Alero"
"245","Astro","9",""
"502","Aveo","9","Aveo"
"244","Blazer","9","Blazer"
"367","Camaro","9","Camaro"
"592","Captiva","9","Captiva"
"243","Corvette","9","Corvette"
"1089","Corvette Stingray","9",""
"932","Cruze","9","Cruze"
"584","Epica","9","Epica"
"364","Evanda","9","Evanda"
"886","HHR","9","HHR"
"501","Kalos","9","Kalos"
"517","Lacetti","9","Lacetti"
"1029","Malibu","9","Malibu"
"374","Matiz","9","Matiz"
"297","Nubira","9","Nubira"
"988","Orlando","9","Orlando"
"954","Spark","9","Spark"
"444","Tacuma","9","Tacuma"
"440","Tahoe","9","Tahoe"
"451","TrailBlazer","9",""
"366","Trans Sport","9","Trans Sport"
"1070","Trax","9","Trax"
"1014","Volt","9","Volt"
"","","9","Trailblazer"
"520","300C","10",""
"119","300M","10",""
"512","Crossfire","10","Crossfire"
"123","Grand Voyager","10","Grand Voyager"
"861","Gran Voyager","10",""
"862","Le Baron","10",""
"135","Neon","10","Neon"
"246","New Yorker","10",""
"441","PT Cruiser","10","PT Cruiser"
"863","Saratoga","10",""
"144","Sebring","10","Sebring"
"145","Sebring 200C","10",""
"143","Stratus","10","Stratus"
"124","Viper","10","Viper"
"118","Vision","10",""
"137","Voyager","10","Voyager"
"","","10","300 C"
"","","10","300 M"
"860","2CV","11",""
"1463","AMI","11","AMI"
"127","AX","11",""
"678","Berlingo","11","Berlingo"
"896","Berlingo First","11",""
"745","BX","11",""
"556","C1","11","C1"
"635","C15","11",""
"251","C2","11","C2"
"761","C25","11",""
"485","C3","11","C3"
"1224","C3 Aircross","11","C3 Aircross"
"927","C3 Picasso","11","C3 Picasso"
"496","C3 Pluriel","11",""
"353","C4","11","C4"
"1031","C4 Aircross","11","C4 Aircross"
"1118","C4 Cactus","11","C4 Cactus"
"619","C4 Picasso","11","C4 Picasso"
"890","C4 Sedán","11",""
"1247","C4 Spacetourer","11",""
"1455","C4 X","11","C4 X"
"427","C5","11","C5"
"1260","C5 Aircross","11","C5 Aircross"
"1314","C5 Aircross Hybrid","11",""
"1385","C5 X","11","C5 X"
"586","C6","11","C6"
"130","C8","11","C8"
"625","C-Crosser","11","C-Crosser"
"1047","C-Elysée","11",""
"856","CX","11",""
"989","C-Zero","11","C-Zero"
"957","DS3","11","DS3"
"998","DS4","11","DS4"
"1015","DS5","11","DS5"
"1454","ë-Berlingo","11","ë-Berlingo"
"1331","ë-C4","11","ë-C4"
"1456","ëC4 X","11",""
"1191","E-Mehari","11","E-Mehari"
"1453","ë-Spacetourer","11",""
"129","Evasion","11","Evasion"
"594","Grand C4 Picasso","11","Grand C4 Picasso"
"1248","Grand C4 Spacetourer","11",""
"857","GSA","11",""
"663","Jumper","11","Jumper"
"670","Jumpy","11","Jumpy"
"859","LNA","11",""
"878","Nemo","11","Nemo"
"250","Saxo","11","Saxo"
"1196","Spacetourer","11",""
"858","Visa","11",""
"11","Xantia","11","Xantia"
"125","XM","11","XM"
"352","Xsara","11","Xsara"
"413","Xsara Picasso","11",""
"128","ZX","11",""
"","","11","C 15"
"","","11","C4 SpaceTourer"
"","","11","C-Élysée"
"","","11","ë-C4 X"
"","","11","ë-Jumper"
"","","11","ë-Jumpy"
"","","11","ë-SpaceTourer"
"","","11","Grand C4 SpaceTourer"
"","","11","Pluriel"
"","","11","SpaceTourer"
"203","Aranos","12",""
"298","Compact","12",""
"363","Evanda","12","Evanda"
"500","Kalos","12","Kalos"
"516","Lacetti","12","Lacetti"
"295","Lanos","12","Lanos"
"362","Leganza","12","Leganza"
"373","Matiz","12","Matiz"
"202","Nexia","12",""
"296","Nubira","12","Nubira"
"299","Nubira Compact","12",""
"443","Tacuma","12","Tacuma"
"","","12","Lublin"
"65","Applause","13",""
"66","Charade","13",""
"236","Feroza","13",""
"235","Rocky","13",""
"574","Sirion","13","Sirion"
"314","Terios","13","Terios"
"","","13","Materia"
"1180","124 Spider","14","124 Spider"
"598","500","14","500"
"963","500C","14",""
"1038","500L","14","500L"
"1138","500X","14","500X"
"397","600","14",""
"849","Argenta","14",""
"211","Barchetta","14","Barchetta"
"278","Brava","14",""
"276","Bravo","14","Bravo"
"13","Cinquecento","14",""
"172","Coupe","14","Coupe"
"1","Croma","14","Croma"
"694","Doblò","14","Doblò"
"693","Doblò Cargo","14",""
"1280","Doblò Panorama","14",""
"664","Ducato","14","Ducato"
"1434","e-Doblò","14","e-Doblò"
"1476","E-Ulysse","14","E-Ulysse"
"654","Fiorino","14","Fiorino"
"1002","Freemont","14","Freemont"
"1190","Fullback","14","Fullback"
"76","Grande Punto","14",""
"531","Idea","14","Idea"
"597","Linea","14","Linea"
"210","Marea","14","Marea"
"400","Multipla","14","Multipla"
"355","Palio Weekend","14",""
"163","Panda","14","Panda"
"1017","Panda Classic","14",""
"75","Punto","14","Punto"
"913","Punto Classic","14",""
"958","Punto EVO","14",""
"914","Qubo","14","Qubo"
"767","Regata","14",""
"850","Ritmo","14",""
"595","Sedici","14","Sedici"
"14","Seicento","14","Seicento"
"277","Stilo","14","Stilo"
"710","Strada","14","Strada"
"785","Talento","14","Talento"
"209","Tempra","14",""
"164","Tipo","14","Tipo"
"184","Ulysse","14","Ulysse"
"175","Uno","14",""
"","","14","600e"
"","","14","Brava / Bravo"
"","","14","e-Ducato"
"","","14","E-Scudo"
"","","14","Palio"
"","","14","Punto Evo"
"","","14","Scudo"
"1033","B-MAX","15","B-MAX"
"1483","Bronco","15","Bronco"
"847","Capri","15",""
"497","C-Max","15",""
"967","Connect","15",""
"382","Cougar","15","Cougar"
"655","Courier","15",""
"1063","EcoSport","15","EcoSport"
"1174","Edge","15","Edge"
"37","Escort","15","Escort"
"233","Explorer","15","Explorer"
"86","Fiesta","15","Fiesta"
"38","Focus","15","Focus"
"476","Focus C-MAX","15",""
"490","Fusion","15","Fusion"
"283","Galaxy","15","Galaxy"
"848","Granada","15",""
"972","Grand C-Max","15",""
"1136","Grand Tourneo Connect","15",""
"1132","Grand Tourneo Custom","15",""
"1192","Ka+","15","Ka+"
"289","KA","15",""
"882","Kuga","15","Kuga"
"26","Maverick","15",""
"39","Mondeo","15","Mondeo"
"1130","Mustang","15","Mustang"
"1326","Mustang Mach-E","15","Mustang Mach-E"
"760","Orion","15",""
"176","Probe","15",""
"365","Puma","15","Puma"
"688","Ranger","15","Ranger"
"40","Scorpio","15",""
"757","Sierra","15",""
"590","S-MAX","15","S-MAX"
"495","StreetKa","15",""
"1128","Tourneo Connect","15","Tourneo Connect"
"1127","Tourneo Courier","15","Tourneo Courier"
"1044","Tourneo Custom","15","Tourneo Custom"
"645","Transit","15","Transit"
"702","Transit Connect","15","Transit Connect"
"1043","Transit Custom","15","Transit Custom"
"","","15","C-MAX"
"","","15","E-Transit"
"","","15","Edge Vignale"
"","","15","Focus Vignale"
"","","15","Grand C-MAX"
"","","15","Grand Tourneo Connec"
"","","15","Ka"
"","","15","Kuga Vignale"
"","","15","Mondeo Vignale"
"","","15","Puma (97)"
"","","15","Puma Vignale"
"","","15","S-MAX Vignale"
"","","15","Tourneo"
"","","15","Transit Courier"
"370","Exceed","16","Exceed"
"381","Santamo","16","Santamo"
"395","Super Exceed","16","Super Exceed"
"","","16","Innovation"
"132","Accent","18","Accent"
"356","Atos","18","Atos"
"412","Atos Prime","18","Atos Prime"
"1372","Bayon","18",""
"216","Coupe","18","Coupe"
"121","Elantra","18","Elantra"
"986","Genesis","18","Genesis"
"491","Getz","18","Getz"
"879","Grandeur","18","Grandeur"
"1064","Grand Santa Fe","18","Grand Santa Fe"
"357","H-1","18","H-1"
"1144","H-1 Travel","18",""
"885","i10","18","i10"
"928","i20","18","i20"
"1189","i20 Active","18",""
"622","i30","18","i30"
"1000","i40","18","i40"
"901","i800","18","i800"
"1202","IONIQ","18","IONIQ"
"1371","IONIQ 5","18","IONIQ 5"
"1465","IONIQ 6","18","IONIQ 6"
"980","ix20","18","ix20"
"961","ix35","18","ix35"
"922","ix55","18","ix55"
"1239","Kona","18","Kona"
"36","Lantra","18","Lantra"
"431","Matrix","18","Matrix"
"1249","Nexo","18","Nexo"
"728","Pony","18",""
"425","Santa Fe","18","Santa Fe"
"215","Scoupe","18",""
"51","Sonata","18","Sonata"
"908","Sonata FL","18",""
"1427","Staria","18","Staria"
"428","Terracan","18","Terracan"
"418","Trajet","18","Trajet"
"529","TUCSON","18",""
"1003","Veloster","18","Veloster"
"417","XG","18","XG"
"","","18","BAYON"
"","","18","Genesis Coupe"
"","","18","H 100"
"","","18","H350"
"","","18","Tucson"
"723","D-Max","19","D-Max"
"706","D MAX","19",""
"698","Pick Up","19",""
"712","Rodeo","19","Rodeo"
"393","Trooper","19","Trooper"
"","","19","D-Max N57"
"","","19","D-Max N60"
"","","19","NKR"
"","","19","NLR"
"","","19","NLS"
"","","19","NNR"
"","","19","NPR"
"","","19","Pick up"
"1226","E-Pace","20","E-Pace"
"1166","F-Pace","20","F-Pace"
"1058","F-Type","20","F-Type"
"1246","i-Pace","20",""
"91","Serie XJ","20",""
"92","Serie XK","20",""
"406","S-Type","20","S-Type"
"1139","XE","20","XE"
"407","XF","20","XF"
"113","XJ","20","XJ"
"426","X-Type","20","X-Type"
"","","20","Daimler"
"","","20","I-Pace"
"","","20","XK Series"
"","","20","XK8"
"","","20","XKR"
"1452","Avenger","21","Avenger"
"148","Cherokee","21","Cherokee"
"580","Commander","21","Commander"
"603","Compass","21","Compass"
"1364","Gladiator","21","Gladiator"
"218","Grand Cherokee","21","Grand Cherokee"
"617","Patriot","21","Patriot"
"1131","Renegade","21","Renegade"
"138","Wrangler","21","Wrangler"
"614","Wrangler Unlimited","21",""
"439","Carens","22","Carens"
"386","Carnival","22","Carnival"
"607","Ceed","22","Ceed"
"1041","cee'd Sportswagon","22",""
"626","cee'd Sporty Wagon","22",""
"1276","Ceed Tourer","22",""
"445","Cerato","22","Cerato"
"348","Clarus","22","Clarus"
"1266","e-Niro","22","e-Niro"
"1287","e-Soul","22","e-Soul"
"1369","EV6","22","EV6"
"1502","EV9","22","EV9"
"389","Joice","22","Joice"
"703","k2500","22",""
"701","K2500 Frontier","22",""
"429","Magentis","22","Magentis"
"1197","Niro","22","Niro"
"1235","Niro Hïbrido Enchufable","22",""
"1273","Niro PHEV","22",""
"530","Opirus","22","Opirus"
"1019","Optima","22","Optima"
"1210","Optima GT","22",""
"1234","Optima Hïbrido Enchufable","22",""
"1209","Optima PHEV","22",""
"1208","Optima SW","22",""
"1207","Optima SW GT","22",""
"1236","Optima SW Hïbrido Enchufable","22",""
"1274","Optima SW PHEV","22",""
"535","Picanto","22","Picanto"
"347","Pride","22","Pride"
"631","pro_cee'd","22",""
"1317","ProCeed","22","ProCeed"
"1205","pro_cee'd GT","22",""
"442","Rio","22","Rio"
"140","Sephia","22","Sephia"
"141","Sephia II","22",""
"372","Shuma","22","Shuma"
"489","Sorento","22","Sorento"
"919","Soul","22","Soul"
"1206","Soul EV","22",""
"139","Sportage","22","Sportage"
"1237","Stinger","22","Stinger"
"1229","Stonic","22","Stonic"
"955","Venga","22","Venga"
"1294","XCeed","22","XCeed"
"","","22","K2500"
"","","22","K2900"
"","","22","Pregio"
"843","A112","23",""
"84","Dedra","23",""
"19","Delta","23","Delta"
"61","K","23",""
"758","Kappa","23","Kappa"
"183","Lybra","23","Lybra"
"536","Musa","23","Musa"
"343","Phedra","23","Phedra"
"842","Prisma","23",""
"743","Thema","23","Thema"
"342","Thesis","23","Thesis"
"841","Trevi","23",""
"1013","Voyager","23","Voyager"
"339","Y","23",""
"78","Y10","23",""
"340","Ypsilon","23","Ypsilon"
"992","Ypsilon Elefantino","23",""
"204","Z","23",""
"749","Zeta","23","Zeta"
"231","Defender","24","Defender"
"232","Discovery","24","Discovery"
"939","Discovery 4","24",""
"1134","Discovery Sport","24","Discovery Sport"
"313","Freelander","24","Freelander"
"115","Range Rover","24","Range Rover"
"994","Range Rover Evoque","24","Range Rover Evoque"
"546","Range Rover Sport","24","Range Rover Sport"
"1218","Range Rover Velar","24","Range Rover Velar"
"985","CT","25","CT"
"1251","ES","25","ES"
"746","GS","25","GS"
"126","GS300","25",""
"334","GS430","25",""
"583","GS450h","25",""
"335","GS460","25",""
"883","IS","25","IS"
"323","IS200","25",""
"565","IS220d","25",""
"480","IS250","25",""
"479","IS300","25",""
"1512","LBX","25","LBX"
"1203","LC","25","LC"
"1494","LM","25","LM"
"741","LS","25","LS"
"32","LS400","25",""
"33","LS430","25",""
"602","LS460","25",""
"620","LS600h","25",""
"1125","NX","25","NX"
"1126","RC","25","RC"
"930","RX","25","RX"
"333","RX300","25",""
"581","RX350","25",""
"562","RX400h","25",""
"1436","RZ","25","RZ"
"929","SC","25","SC"
"430","SC430","25",""
"1256","UX","25","UX"
"","","25","GS F"
"","","25","IS F"
"","","25","LF-A"
"","","25","RC F"
"","","25","UX 300e"
"840","224","26",""
"839","228","26",""
"403","3200 GT","26","3200 GT"
"838","Biturbo","26",""
"404","Coupé","26",""
"336","Ghibli","26","Ghibli"
"948","GranCabrio","26","GranCabrio"
"552","Gransport","26",""
"623","GranTurismo","26","GranTurismo"
"1416","Grecale","26","Grecale"
"1181","Levante","26","Levante"
"1332","MC20","26","MC20"
"338","Quattroporte","26","Quattroporte"
"337","Shamal","26",""
"483","Spyder","26","Spyder"
"","","26","Coupe"
"","","26","Gran Sport"
"80","121","27",""
"162","323","27","323"
"79","626","27","626"
"837","929","27",""
"704","B-2500","27",""
"717","BT-50","27","BT-50"
"1140","CX-3","27","CX-3"
"1285","CX-30","27","CX-30"
"1016","CX-5","27","CX-5"
"1407","CX-60","27","CX-60"
"613","CX-7","27","CX-7"
"1137","CX-9","27","CX-9"
"377","Demio","27","Demio"
"505","Mazda2","27",""
"287","Mazda3","27",""
"561","Mazda5","27",""
"453","Mazda6","27",""
"288","MPV","27","MPV"
"223","MX3","27",""
"1321","MX-30","27","MX-30"
"237","MX5","27",""
"836","MX6","27",""
"437","Premacy","27","Premacy"
"227","RX7","27",""
"508","RX-8","27","RX-8"
"687","Serie B","27",""
"452","Tribute","27","Tribute"
"74","Xedos 6","27",""
"85","Xedos 9","27","Xedos 9"
"","","27","2"
"","","27","3"
"","","27","5"
"","","27","6"
"","","27","B 2500"
"","","27","MX-5"
"637","100D","28",""
"638","140D","28",""
"639","180D","28",""
"765","190","28",""
"762","200","28",""
"750","220","28",""
"835","230","28",""
"834","260","28",""
"731","280","28",""
"831","300","28",""
"781","400","28",""
"833","420","28",""
"832","500","28",""
"780","600","28",""
"1143","AMG GT","28",""
"1042","Citan","28","Citan"
"1299","CLA","28",""
"275","Clase A","28","Clase A"
"566","Clase B","28","Clase B"
"8","Clase C","28","Clase C"
"57","Clase CL","28",""
"1057","Clase CLA","28","Clase CLA"
"891","Clase CLC","28","Clase CLC"
"269","Clase CLK","28",""
"542","Clase CLS","28","Clase CLS"
"41","Clase E","28","Clase E"
"167","Clase G","28","Clase G"
"550","Clase GL","28",""
"1100","Clase GLA","28",""
"1162","Clase GLC","28",""
"1154","Clase GLE","28",""
"1155","Clase GLE Coupé","28",""
"905","Clase GLK","28",""
"1173","Clase GLS","28",""
"309","Clase M","28","Clase M"
"548","Clase R","28","Clase R"
"56","Clase S","28","Clase S"
"55","Clase SL","28",""
"1176","Clase SLC","28",""
"258","Clase SLK","28",""
"830","Clase SL R129","28",""
"1426","Clase T","28",""
"259","Clase V","28","Clase V"
"1238","Clase X","28",""
"1521","CLE","28",""
"1243","CLS","28",""
"1355","EQA","28",""
"1390","EQB","28",""
"1284","EQC","28",""
"1423","EQE","28",""
"1468","EQE SUV","28",""
"1383","EQS","28",""
"1469","EQS SUV","28",""
"1495","EQT","28","EQT"
"1322","EQV","28","EQV"
"1098","GLA","28","GLA"
"1306","GLB","28",""
"1439","GLC","28",""
"1194","GLC Coupé","28","GLC Coupé"
"1261","GLE","28",""
"1318","GLE Coupé","28","GLE Coupé"
"1286","GLS","28","GLS"
"1215","Mercedes-AMG GT","28",""
"1421","Mercedes-AMG SL","28",""
"473","SL-Klasse","28",""
"474","SLR McLaren","28",""
"951","SLS AMG","28",""
"666","Sprinter","28","Sprinter"
"727","Transporter","28",""
"466","Vaneo","28","Vaneo"
"260","Viano","28","Viano"
"668","Vito","28","Vito"
"","","28"," CLK"
"","","28"," GL"
"","","28"," GLE"
"","","28"," SL"
"","","28","AMG GT (C190)"
"","","28","AMG GT 4-Door Coupé"
"","","28","CL Coupe"
"","","28","Classe C (206)"
"","","28","Classe E (214)"
"","","28","Classe GLK "
"","","28","Classe S (223)"
"","","28","Classe T"
"","","28","Classe X"
"","","28","CLE (236)"
"","","28","eCitan"
"","","28","EQA (H243)"
"","","28","EQB (X243)"
"","","28","EQC (N293)"
"","","28","EQE (V295)"
"","","28","EQE SUV (X294)"
"","","28","EQS (V297)"
"","","28","EQS SUV (X296)"
"","","28","eSprinter"
"","","28","eVito"
"","","28","GLA (H247)"
"","","28","GLB (X247)"
"","","28","GLC Coupé (C254)"
"","","28","GLC SUV (253)"
"","","28","GLC SUV (X254)"
"","","28","GLE Coupé (167)"
"","","28","GLE SUV (167)"
"","","28","Marco Polo"
"","","28","SL (R232) "
"","","28","SLC"
"","","28","SLK"
"","","28","SLR"
"","","28","SLS"
"1365","eHS","29",""
"1362","HS","29","HS"
"1386","Marvel R","29","Marvel R"
"1443","MG4","29","MG4"
"1406","MG5","29","MG5"
"253","MGF","29","MGF"
"254","TF","29","TF"
"433","ZR","29","ZR"
"434","ZS","29","ZS"
"1366","ZS EV","29","ZS EV"
"435","ZT","29","ZT"
"482","ZT-T","29",""
"","","29","EHS"
"","","29","ZS (Old Model)"
"224","3000 GT","30","3000 GT"
"829","300 GT","30",""
"965","ASX","30","ASX"
"673","Canter","30","Canter"
"280","Carisma","30","Carisma"
"173","Colt","30","Colt"
"281","Eclipse","30",""
"1242","Eclipse Cross","30","Eclipse Cross"
"111","Galant","30","Galant"
"563","Grandis","30","Grandis"
"997","i-MiEV","30","i-MiEV"
"658","L200","30",""
"518","Lancer","30","Lancer"
"72","Montero","30","Montero"
"388","Montero iO","30",""
"383","Montero Sport","30",""
"509","Outlander","30","Outlander"
"206","Space Gear","30","Space Gear"
"201","Space Runner","30","Space Runner"
"376","Space Star","30","Space Star"
"174","Space Wagon","30","Space Wagon"
"","","30","L 200"
"","","30","L 300"
"228","100 NX","31",""
"157","200 SX","31","200 SX"
"169","300 ZX","31",""
"521","350Z","31","350Z"
"942","370Z","31","370Z"
"303","Almera","31","Almera"
"415","Almera Tino","31",""
"1425","Ariya","31","Ariya"
"828","Bluebird","31",""
"692","Cabstar","31","Cabstar"
"691","Cabstar E","31",""
"779","CAMION","31",""
"959","CUBE","31",""
"1188","e-NV200 EVALIA","31",""
"1018","EVALIA","31",""
"941","GT-R","31","GT-R"
"976","JUKE","31",""
"1008","LEAF","31",""
"751","Maxima","31","Maxima"
"110","Maxima QX","31",""
"34","Micra","31","Micra"
"567","Murano","31","Murano"
"685","Navara","31","Navara"
"588","NOTE","31",""
"1175","NP300 Navara","31","NP300 Navara"
"906","NP300 Pick Up","31",""
"949","NV200","31","NV200"
"1187","NV200 EVALIA","31",""
"1213","NV300","31","NV300"
"396","Pathfinder","31","Pathfinder"
"107","Patrol","31","Patrol"
"219","Patrol GR","31",""
"684","Pick-up","31","Pick-up"
"938","Pixo","31","Pixo"
"827","Prairie","31",""
"699","Primastar","31","Primastar"
"99","Primera","31","Primera"
"1129","PULSAR","31",""
"606","QASHQAI","31",""
"915","QASHQAI+2","31",""
"106","Serena","31","Serena"
"35","Sunny","31",""
"25","Terrano","31","Terrano"
"24","Terrano II","31","Terrano II"
"632","Tiida","31","Tiida"
"1391","Townstar","31","Townstar"
"644","Trade","31","Trade"
"643","Vanette","31","Vanette"
"665","Vanette Cargo","31",""
"455","X-TRAIL","31",""
"","","31","Atleon"
"","","31","Cube"
"","","31","Eco T"
"","","31","Evalia"
"","","31","Interstar"
"","","31","Juke"
"","","31","Kubistar"
"","","31","Leaf"
"","","31","Note"
"","","31","NP300"
"","","31","NT400 Cabstar"
"","","31","NT500"
"","","31","NV250"
"","","31","NV400"
"","","31","Pulsar"
"","","31","Qashqai"
"","","31","Qashqai+2"
"","","31","Townstar EV"
"","","31","X-Trail"
"1051","Adam","32",""
"392","Agila","32","Agila"
"1026","Ampera","32","Ampera"
"596","Antara","32","Antara"
"826","Ascona","32",""
"67","Astra","32","Astra"
"1514","Astra Electric","32","Astra Electric"
"1399","Astra PHEV","32",""
"1075","Cabrio","32","Cabrio"
"69","Calibra","32",""
"659","Combo","32","Combo"
"1377","Combo-e Life","32","Combo-e Life"
"1253","Combo Life","32","Combo Life"
"77","Corsa","32","Corsa"
"1289","Corsa-e","32","Corsa-e"
"1503","Corsa Electric","32",""
"1337","Crossland","32","Crossland"
"1219","Crossland X","32","Crossland X"
"170","Frontera","32","Frontera"
"1379","Grandland","32","Grandland"
"1398","Grandland PHEV","32",""
"1228","Grandland X","32","Grandland X"
"1292","Grandland X PHEV","32",""
"615","GT","32","GT"
"1163","GTC","32",""
"918","Insignia","32","Insignia"
"775","Kadett","32",""
"1160","Karl","32",""
"825","Manta","32",""
"506","Meriva","32","Meriva"
"1036","Mokka","32","Mokka"
"1333","Mokka-e","32","Mokka-e"
"1198","Mokka X","32","Mokka X"
"222","Monterey","32",""
"822","Monza","32",""
"686","Movano","32","Movano"
"151","Omega","32","Omega"
"824","Rekord","32",""
"823","Senator","32",""
"499","Signum","32","Signum"
"292","Sintra","32",""
"448","Speedster","32","Speedster"
"188","Tigra","32","Tigra"
"68","Vectra","32","Vectra"
"695","Vivaro","32","Vivaro"
"385","Zafira","32","Zafira"
"1339","Zafira-e Life","32","Zafira-e Life"
"1281","Zafira Life","32","Zafira Life"
"1012","Zafira Tourer","32","Zafira Tourer"
"","","32","ADAM"
"","","32","Combo-e"
"","","32","KARL"
"","","32","Movano-e"
"","","32","Vivaro-e"
"554","1007","33","1007"
"81","106","33","106"
"558","107","33","107"
"1135","108","33","108"
"1077","2008","33","2008"
"82","205","33",""
"380","206","33","206"
"1094","206 +","33",""
"487","206 SW","33",""
"587","207","33","207"
"1095","207 +","33",""
"1021","208","33","208"
"934","3008","33","3008"
"1316","3008 Hybrid","33",""
"42","306","33","306"
"293","307","33","307"
"484","307 SW","33",""
"447","308","33","308"
"821","309","33",""
"621","4007","33","4007"
"1039","4008","33","4008"
"155","405","33",""
"156","406","33","406"
"279","407","33","407"
"488","407 SW","33",""
"1441","408","33","408"
"950","5008","33","5008"
"1490","5008 Hybrid","33",""
"820","505","33",""
"982","508","33","508"
"1315","508 Hybrid","33",""
"819","604","33",""
"43","605","33","605"
"420","607","33","607"
"185","806","33","806"
"200","807","33","807"
"881","Bipper","33","Bipper"
"662","Boxer","33","Boxer"
"1303","e-2008","33","e-2008"
"1291","e-208","33","e-208"
"1523","E-3008","33",""
"1489","E-308","33",""
"1450","e-Rifter","33","e-Rifter"
"1347","e-Traveller","33","e-Traveller"
"990","ion","33",""
"778","J5","33",""
"681","Partner","33","Partner"
"893","Partner Origin","33",""
"968","RCZ","33","RCZ"
"1252","Rifter","33","Rifter"
"1201","Traveller","33","Traveller"
"","","33","e-308"
"","","33","e-Boxer"
"","","33","e-Expert"
"","","33","e-Partner"
"","","33","Expert"
"","","33","iOn"
"1177","718","34",""
"73","911","34","911"
"996","918","34",""
"818","924","34",""
"753","928","34",""
"817","944","34",""
"754","968","34",""
"290","Boxster","34","Boxster"
"510","Carrera GT","34","Carrera GT"
"503","Cayenne","34","Cayenne"
"1277","Cayenne Coupé","34",""
"573","Cayman","34","Cayman"
"1097","Macan","34","Macan"
"936","Panamera","34","Panamera"
"1297","Taycan","34","Taycan"
"","","34","718 Boxster"
"","","34","718 Cayman"
"","","34","718 Spyder"
"-1","Alpine","35",""
"811","Alpine","35",""
"1363","Arkana","35","Arkana"
"1442","Austral","35","Austral"
"464","Avantime","35","Avantime"
"1069","Captur","35","Captur"
"90","Clio","35","Clio"
"478","Clio Campus","35",""
"1074","Clio III","35",""
"153","Espace","35","Espace"
"634","Express","35","Express"
"956","Fluence","35","Fluence"
"812","Fuego","35",""
"306","Grand Espace","35","Grand Espace"
"1025","Grand Kangoo Combi","35",""
"875","Grand Modus","35",""
"477","Grand Scénic","35",""
"1153","Kadjar","35","Kadjar"
"674","Kangoo","35","Kangoo"
"876","Kangoo Combi","35",""
"898","Koleos","35","Koleos"
"54","Laguna","35","Laguna"
"987","Latitude","35","Latitude"
"677","Mascott","35","Mascott"
"649","Master","35","Master"
"700","Master Propulsión","35",""
"720","Maxity","35","Maxity"
"17","Mégane","35",""
"1395","Megane E-Tech","35",""
"543","Modus","35","Modus"
"149","Nevada","35",""
"814","R11","35",""
"813","R18","35",""
"729","R19","35",""
"764","R21","35",""
"759","R25","35",""
"773","R4","35",""
"763","R5","35",""
"816","R6","35",""
"815","R9","35",""
"18","Safrane","35","Safrane"
"270","Scénic","35",""
"261","Spider","35",""
"1165","Talisman","35","Talisman"
"648","Trafic","35","Trafic"
"122","Twingo","35","Twingo"
"469","Vel Satis","35","Vel Satis"
"975","Wind","35","Wind"
"1071","ZOE","35","ZOE"
"","","35","Express Van"
"","","35","Grand Kangoo"
"","","35","Grand Scenic"
"","","35","Megane"
"","","35","Scenic"
"","","35","Twingo Electric"
"","","35","Twizy"
"329","Corniche","36","Corniche"
"264","Park Ward","36","Park Ward"
"493","Phantom","36","Phantom"
"311","Silver Seraph","36","Silver Seraph"
"263","Silver Spur","36",""
"733","Silvier","36",""
"262","Siver Dawn","36",""
"","","36","Ghost"
"","","36","Touring Limousine"
"52","100","37",""
"116","200","37",""
"255","25","37","25"
"213","400","37",""
"214","45","37","45"
"50","600","37",""
"324","75","37","75"
"15","800","37",""
"221","Cabriolet","37",""
"117","Coupe","37",""
"271","Mini","37",""
"810","SD","37",""
"513","Streetwise","37","Streetwise"
"","","37","MINI"
"","","37","Defender"
"","","37","Discovery"
"","","37","Discovery Sport"
"","","37","Freelander"
"","","37","Range Rover"
"","","37","Range Rover Evoque"
"","","37","Range Rover Sport"
"","","37","Range Rover Velar"
"3","900","38",""
"5","9000","38",""
"4","9-3","38","9-3"
"940","9-3X","38","9-3X"
"1004","9-4X","38","9-4X"
"212","9-5","38","9-5"
"341","Alhambra","39","Alhambra"
"525","ALTEA","39",""
"624","Altea Freetrack","39",""
"600","Altea XL","39",""
"1231","Arona","39","Arona"
"349","Arosa","39","Arosa"
"1182","Ateca","39","Ateca"
"94","Cordoba","39","Cordoba"
"923","Exeo","39","Exeo"
"2","Ibiza","39","Ibiza"
"669","Inca","39","Inca"
"410","León","39",""
"808","Malaga","39",""
"225","Marbella","39",""
"1011","Mii","39","Mii"
"809","Ronda","39",""
"1264","Tarraco","39","Tarraco"
"650","Terra","39",""
"98","Toledo","39","Toledo"
"","","39","Altea"
"","","39","Leon"
"","","39","Mii electric"
"1034","Citigo","40","Citigo"
"1341","Enyaq","40",""
"1435","Enyaq Coupe","40",""
"411","Fabia","40","Fabia"
"805","Favorit","40",""
"9","Felicia","40","Felicia"
"108","Forman","40",""
"1296","Kamiq","40","Kamiq"
"1230","Karoq","40","Karoq"
"1212","Kodiaq","40","Kodiaq"
"350","Octavia","40","Octavia"
"351","Octavia Tour","40",""
"657","Pickup","40",""
"1053","Rapid","40","Rapid"
"604","Roomster","40","Roomster"
"807","S","40",""
"1278","Scala","40","Scala"
"610","Scout","40","Scout"
"1093","Spaceback","40","Spaceback"
"457","Superb","40","Superb"
"943","Yeti","40","Yeti"
"","","40","Citigo e iV"
"","","40","Enyaq Coupé iV "
"","","40","Enyaq iV"
"","","40","Pick Up"
"","","40","Praktik"
"1446","#1","41","#1"
"327","cabrio","41",""
"317","city-coupé","41",""
"467","crossblade","41",""
"524","forfour","41","forfour"
"318","fortwo","41","fortwo"
"472","roadster","41",""
"316","smart","41",""
"","","41","Cabrio"
"","","41","City Coupe"
"","","41","Crossblade"
"","","41","Roadster"
"601","Actyon","42","Actyon"
"719","Actyon Sports Pick Up","42",""
"22","Family","42",""
"23","K4D","42",""
"21","Korando","42","Korando"
"274","Korando KJ","42",""
"572","Kyron","42","Kyron"
"136","Musso","42","Musso"
"470","Rexton","42","Rexton"
"528","Rexton II","42",""
"569","Rodius","42","Rodius"
"708","Sports Pick Up","42","Sports Pick Up"
"1141","Tivoli","42","Tivoli"
"1373","Tivoli Grand","42",""
"1513","Torres","42","Torres"
"1193","XLV","42","XLV"
"","","42","Korando e-Motion"
"","","42","Musso Sports"
"","","42","Tivoli Grand "
"804","1800","43",""
"593","B9 Tribeca","43",""
"1049","BRZ","43","BRZ"
"310","Forester","43","Forester"
"523","G3X Justy","43",""
"63","Impreza","43","Impreza"
"158","Justy","43","Justy"
"62","Legacy","43","Legacy"
"1170","Levorg","43","Levorg"
"308","Outback","43","Outback"
"1481","Solterra","43","Solterra"
"64","SVX","43",""
"1001","Trezia","43","Trezia"
"884","Tribeca","43","Tribeca"
"981","WRX STI","43",""
"1022","XV","43","XV"
"","","43","WRX"
"1338","Across","44","Across"
"252","Alto","44","Alto"
"142","Baleno","44","Baleno"
"1142","Celerio","44","Celerio"
"320","Grand Vitara","44","Grand Vitara"
"465","Grand Vitara XL-7","44","Grand Vitara XL-7"
"332","Ignis","44","Ignis"
"319","Jimny","44","Jimny"
"978","Kizashi","44","Kizashi"
"458","Liana","44","Liana"
"10","Maruti","44",""
"168","Samurai","44","Samurai"
"1060","S-Cross","44","S-Cross"
"892","Splash","44","Splash"
"1349","Swace","44","Swace"
"44","Swift","44","Swift"
"589","SX4","44","SX4"
"1087","SX4 S-Cross","44",""
"133","Vitara","44","Vitara"
"304","Wagon R+","44",""
"","","44","Carry"
"","","44","Wagon R"
"1045","Aria","45","Aria"
"585","Grand Safari","45","Grand Safari"
"468","INDICA","45",""
"538","INDIGO","45",""
"325","Safari","45","Safari"
"315","Sumo","45","Sumo"
"147","Telco","45",""
"146","Telcosport","45","Telcosport"
"676","TL Pick Up","45",""
"1032","Vista","45","Vista"
"1035","Xenon","45","Xenon"
"874","Xenon Pick Up","45",""
"","","45","Indica"
"","","45","Indigo"
"","","45","Telcoline"
"53","4Runner","46",""
"273","Auris","46","Auris"
"305","Avensis","46","Avensis"
"432","Avensis Verso","46",""
"555","Aygo","46","Aygo"
"1396","Aygo X Cross","46",""
"1478","BZ4X","46",""
"120","Camry","46","Camry"
"12","Carina E","46",""
"134","Celica","46","Celica"
"1211","C-HR","46","C-HR"
"272","Corolla","46","Corolla"
"1511","Corolla Cross","46","Corolla Cross"
"492","Corolla Sedan","46",""
"481","Corolla Verso","46",""
"718","Dyna","46",""
"1464","GR86","46","GR86"
"1352","GR Supra","46","GR Supra"
"1340","GR Yaris","46",""
"1037","GT86","46",""
"1351","Highlander","46","Highlander"
"599","Hilux","46","Hilux"
"935","iQ","46","iQ"
"256","Land Cruiser","46","Land Cruiser"
"249","Land Cruiser 100","46","Land Cruiser 100"
"877","Land Cruiser 200","46","Land Cruiser 200"
"248","Land Cruiser 80","46",""
"257","Land Cruiser 90","46","Land Cruiser 90"
"1295","Mirai","46","Mirai"
"328","MR2","46","MR2"
"247","Paseo","46",""
"321","Picnic","46","Picnic"
"330","Previa","46","Previa"
"331","Prius","46","Prius"
"1096","Prius+","46","Prius+"
"1312","Proace City","46","Proace City"
"1313","Proace City Verso","46",""
"1216","Proace Verso","46",""
"131","Rav4","46",""
"150","Supra","46",""
"937","Urban Cruiser","46","Urban Cruiser"
"931","Verso","46","Verso"
"322","Yaris","46","Yaris"
"1367","Yaris Cross","46","Yaris Cross"
"326","Yaris Verso","46",""
"","","46","Aygo X"
"","","46","bZ4X"
"","","46","Dyna L"
"","","46","Dyna M"
"","","46","Dyna S"
"","","46","Dyna XL"
"","","46","GT 86"
"","","46","Hiace"
"","","46","Land Cruiser 150"
"","","46","Prius Plugin"
"","","46","Proace"
"","","46","RAV4"
"979","Amarok","47","Amarok"
"1220","Arteon","47","Arteon"
"1005","Beetle","47","Beetle"
"398","Bora","47","Bora"
"545","Caddy","47","Caddy"
"724","California","47","California"
"609","Caravelle","47","Caravelle"
"1020","CC","47","CC"
"152","Corrado","47",""
"682","Crafter","47","Crafter"
"591","Eos","47","Eos"
"1304","e-up!","47","e-up!"
"570","Fox","47","Fox"
"89","Golf","47","Golf"
"568","Golf Plus","47","Golf Plus"
"1120","Golf Sportsvan","47","Golf Sportsvan"
"1311","Grand California","47","Grand California"
"1325","ID.3","47","ID.3"
"1334","ID.4","47","ID.4"
"1388","ID.5","47","ID.5"
"1510","ID.7","47","ID.7"
"1428","ID. BUZZ","47",""
"399","Jetta","47","Jetta"
"652","LT","47",""
"361","Lupo","47","Lupo"
"522","Multivan","47","Multivan"
"405","New Beetle","47",""
"83","Passat","47","Passat"
"895","Passat CC","47","Passat CC"
"460","Phaeton","47","Phaeton"
"109","Polo","47","Polo"
"752","Santana","47",""
"799","Scirocco","47","Scirocco"
"346","Sharan","47","Sharan"
"1384","Taigo","47","Taigo"
"656","Taro","47",""
"1265","T-Cross","47","T-Cross"
"628","Tiguan","47","Tiguan"
"1240","Tiguan Allspace","47","Tiguan Allspace"
"461","Touareg","47","Touareg"
"462","Touran","47","Touran"
"636","Transporter","47","Transporter"
"1232","T-Roc","47","T-Roc"
"1009","up!","47","up!"
"95","Vento","47",""
"","","47","e-Crafter"
"","","47","Eurovan"
"","","47","Golf Cabrio"
"","","47","ID. Buzz"
"","","47","LT28"
"","","47","LT35"
"","","47","Passat Alltrack"
"","","47","Transporter T5"
"","","47","Transporter T6"
"796","240","48",""
"798","340","48",""
"797","360","48",""
"45","440","48",""
"179","460","48",""
"112","480","48",""
"795","740","48",""
"794","760","48",""
"46","850","48",""
"88","940","48",""
"180","960","48",""
"551","C30","48","C30"
"1378","C40","48","C40"
"302","C70","48","C70"
"229","Classic","48",""
"1500","EX30","48","EX30"
"1470","EX90","48","EX90"
"284","S40","48","S40"
"436","S60","48","S60"
"1157","S60 Cross Country","48",""
"47","S70","48","S70"
"371","S80","48","S80"
"181","S90","48","S90"
"285","V40","48","V40"
"1050","V40 Cross Country","48",""
"286","V50","48","V50"
"977","V60","48","V60"
"1156","V60 Cross Country","48",""
"48","V70","48","V70"
"49","V70 Classic","48",""
"300","V70 XC","48",""
"182","V90","48","V90"
"1204","V90 Cross Country","48",""
"1233","XC40","48","XC40"
"900","XC60","48","XC60"
"301","XC70","48","XC70"
"486","XC90","48","XC90"
"","","48","XC40 P8"
"93","Accord","69","Accord"
"97","Civic","69","Civic"
"846","Concerto","69",""
"354","CR-V","69","CR-V"
"101","CRX","69",""
"964","CR-Z","69","CR-Z"
"1505","e:NY1","69",""
"544","FR-V","69","FR-V"
"1298","Honda e","69",""
"401","HR-V","69","HR-V"
"924","Insight","69","Insight"
"456","Jazz","69","Jazz"
"220","Legend","69","Legend"
"402","Logo","69","Logo"
"199","NSX","69","NSX"
"102","Prelude","69","Prelude"
"409","S2000","69","S2000"
"454","Stream","69","Stream"
"1504","ZR-V","69","ZR-V"
"","","69","e"
"","","69","e:Ny1"
"660","Porter","87","Porter"
"721","Quargo","87",""
"","","87","Porter NP6"
"792","353","186",""
"865","Maestro","111",""
"866","Metro","111",""
"726","Mini","111",""
"867","Mini Moke","111",""
"768","Montego","111",""
"241","Firebird","112",""
"242","Trans Am","112",""
"226","Trans Sport","112",""
"633","Daily","126","Daily"
"887","Massif","126","Massif"
"713","Maxus","128",""
"","","128","Convoy"
"747","Double Six","145",""
"855","Series III","145",""
"114","Serie XJ","145",""
"748","Six","145",""
"557","XJ","145",""
"","","145","Daimler"
"854","328","146",""
"737","348","146",""
"744","355","146",""
"190","360","146","360"
"852","412","146",""
"629","430","146",""
"196","456","146","456"
"197","456M","146",""
"953","458","146","458"
"1161","488","146","488"
"193","550 Maranello","146",""
"194","575M Maranello","146",""
"195","599","146",""
"198","612","146",""
"1245","812","146","812"
"912","California","146","California"
"511","Enzo","146","Enzo"
"1099","F12","146",""
"189","F355","146","F355"
"851","F40","146",""
"191","F430","146","F430"
"294","F50","146",""
"192","F512 M","146",""
"1027","FF","146","FF"
"1183","GTC4","146",""
"853","Mondial","146",""
"1244","Portofino","146","Portofino"
"560","Superamerica","146",""
"","","146","296"
"","","146","612 Scaglietti"
"","","146","Daytona SP3"
"","","146","F12tdf"
"","","146","F550"
"","","146","F575"
"","","146","F599"
"","","146","F8"
"","","146","GTC4Lusso"
"","","146","LaFerrari"
"","","146","Monza"
"","","146","Purosangue"
"","","146","Roma"
"","","146","SF90"
"423","Elise","147","Elise"
"1438","Emira","147","Emira"
"424","Exige","147","Exige"
"","","147","Esprit"
"","","147","Europa S"
"","","147","Evora"
"605","+4","149",""
"421","4/4","149","4/4"
"498","Aero 8","149","Aero 8"
"730","Plus 4","149","Plus 4"
"422","Plus 8","149","Plus 8"
"534","Roadster","149","Roadster"
"533","V6","149",""
"","","149","Aero Coupe"
"","","149","Aero Supersports"
"","","149","Roadster 3.7"
"507","214","153",""
"1088","4X4","153",""
"627","Kalina","153","Kalina"
"165","Niva","153","Niva"
"983","Priora","153","Priora"
"234","Sagona","153",""
"161","Samara","153",""
"844","Serie 2100","153",""
"378","Stawra 2110","153",""
"","","153","2100 Series"
"802","Horizon","156",""
"774","Samba","156",""
"801","Solara","156",""
"800","Tagora","156",""
"618","Avenger","173","Avenger"
"582","Caliber","173","Caliber"
"1519","Challenger","173",""
"1518","Charger","173",""
"1517","Durango","173",""
"894","Journey","173","Journey"
"616","Nitro","173","Nitro"
"541","Viper","173","Viper"
"20","Elba","185",""
"845","Minitre","185",""
"1167","CLUBMAN","222",""
"971","COUNTRYMAN","222",""
"449","MINI","222","MINI"
"1052","Paceman","222","Paceman"
"","","222","Cabrio"
"","","222","Clubman"
"","","222","Countryman"
"","","222","Coupé"
"","","222","Mini"
"","","222","Roadster"
"475","H2","234","H2"
"564","H3","234","H3"
"921","H3T","234",""
"159","10","238",""
"160","24","238",""
"791","Dacia","238",""
"30","Expander","238",""
"","","238","Arona"
"","","238","Arosa"
"789","Freeclimber Diesel","241",""
"995","Aventador","243","Aventador"
"526","Gallardo","243","Gallardo"
"1116","Huracán","243","Huracán"
"527","Murcielago","243","Murcielago"
"","","243","Urus"
"714","Bolero Pick-Up","246",""
"787","CJ","246",""
"1179","Genio","246","Genio"
"716","Goa","246","Goa"
"715","Goa Pick-Up","246",""
"1305","Goa Pik Up Plus","246",""
"1254","KUV100","246","KUV100"
"1350","KUV100 NXT","246",""
"1006","Pikup","246",""
"1178","Quanto","246","Quanto"
"1007","Thar","246","Thar"
"1146","XUV500","246",""
"","","246","Bolero"
"","","246","XUV 500"
"31","Contac","1011",""
"1055","Dokker","1011","Dokker"
"962","Duster","1011","Duster"
"1389","Jogger","1011","Jogger"
"1028","Lodgy","1011","Lodgy"
"575","Logan","1011","Logan"
"903","Sandero","1011","Sandero"
"1370","Spring","1011","Spring"
"","","1011","Logan MCV"
"910","EX","1025",""
"911","FX","1025",""
"909","G","1025",""
"973","M","1025",""
"1086","Q30","1025","Q30"
"1068","Q50","1025","Q50"
"1121","Q60","1025","Q60"
"1122","Q70","1025","Q70"
"1195","QX30","1025","QX30"
"1124","QX50","1025","QX50"
"1123","QX70","1025","QX70"
"","","1025","EX30"
"","","1025","EX37"
"","","1025","FX30"
"","","1025","FX37"
"","","1025","FX50"
"","","1025","G37"
"","","1025","M30"
"","","1025","M35"
"","","1025","M37"
"790","Diesel","1321",""
"471","Maybach","1323","Maybach"
"28","100","1324",""
"29","121","1324",""
"379","110 Stawra","1325",""
"390","111 Stawra","1325",""
"450","112 Stawra","1325",""
"166","214","1325","214"
"391","215","1325","215"
"","","1325","110"
"","","1325","111"
"","","1325","112"
"358","Rocsta","1326",""
"1258","Ateca","1400",""
"1381","Born","1400",""
"1329","Formentor","1400",""
"1335","León","1400",""
"","","1400","Corvette"
"","","1400","Corvette"
"576","300","1328","300"
"577","350","1328","350"
"697","Anibal","1328","Anibal"
"711","Anibal Pick Up","1328",""
"777","CAMION","1329",""
"1186","124 Spider","1330","124 Spider"
"916","500","1330","500"
"970","500C","1330",""
"917","Grande Punto","1330",""
"1040","Punto","1330","Punto"
"969","Punto EVO","1330",""
"","","1330","500e"
"","","1330","595"
"","","1330","695"
"","","1330","Punto Evo"
"1467","500","1351",""
"1268","580","1351",""
"1320","Fengon 5","1351",""
"1319","ix5","1351",""
"1354","Seres 3","1351",""
"1102","Serie K","1351",""
"1111","Serie K","1351",""
"1101","Serie V","1351",""
"1104","Serie V","1351",""
"1480","Atto 3","1352",""
"1492","Dolphin","1352",""
"1112","E6","1352",""
"1482","Han","1352",""
"1509","Seal","1352",""
"1479","Tang","1352",""
"","","1352","ATTO 3"
"","","1352","DOLPHIN"
"","","1352","e6"
"","","1352","HAN"
"","","1352","SEAL"
"","","1352","TANG"
"1262","Model 3","1354","Model 3"
"1171","Model S","1354","Model S"
"1172","Model X","1354","Model X"
"1328","Model Y","1354","Model Y"
"","","1354","Roadster"
"1149","DS 3","1358","DS 3"
"1263","DS 3 Crossback","1358",""
"1308","DS 3 Crossback E-Tense","1358",""
"1147","DS 4","1358","DS 4"
"1169","DS 4 Crossback","1358",""
"1148","DS 5","1358","DS 5"
"1440","DS 7","1358","DS 7"
"1223","DS 7 Crossback","1358",""
"1290","DS 7 Crossback E-Tense","1358",""
"1348","DS 9","1358","DS 9"
"","","1358","DS 3 CROSSBACK"
"","","1358","DS 7 CROSSBACK"
"","","1358","DS3"
"","","1358","DS3"
"","","1358","DS4"
"","","1358","DS5"
"1520","RAM 1500","1372",""
"1288","A110","1377","A110"
"1486","DR 1.0 EV","1401",""
"1270","DR3","1401",""
"1403","DR 3","1401",""
"1484","DR 3.0","1401",""
"1269","DR4","1401",""
"1404","DR 4.0","1401",""
"1402","DR4.0","1401",""
"1411","DR 5.0","1401",""
"1271","DR5 EVO","1401",""
"1272","DR6","1401",""
"1409","DR 6","1401",""
"1487","DR 6.0","1401",""
"1488","DR 7.0","1401",""
"1408","DR EVO 5","1401",""
"1410","DR F35","1401",""
"1405","F35","1401",""
"1485","PK8","1401",""
"1420","2","1402","2"
"1437","3","1402","3"
"1516","4","1402",""
"1401","Euniq 5","1403",""
"1493","Mifa 9","1403",""
"1466","T90","1403",""
"","","1403","Deliver 9"
"","","1403","e-Deliver 3"
"","","1403","e-Deliver 9"
"","","1403","EUNIQ 5"
"","","1403","EV80"
"","","1403","MIFA 9"
"","","1403","T90 EV"
"","","1403","V80"
"1336","01","1404","01"
"1346","D2S","1405",""
"1393","Orca","1405",""
"1394","U5","1408","U5"
"1459","U6","1408","U6"
"1424","Grenadier","1409","Grenadier"
"1477","cross 4","1410",""
"1412","EVO 3","1410",""
"1414","EVO 3 Electric","1410",""
"1413","EVO 4","1410",""
"1415","EVO 5","1410",""
"","","1410","Punto Evo"
"","","1410","Punto Evo"
"","","1410","Range Rover Evoque"
"","","1410","Evora"
"1418","G01","1411",""
"1419","G01F","1411",""
"1460","Cenntro Logistar Pick Up","1413",""
"1432","D2S","1413",""
"1462","EVum aCar","1413",""
"1433","Metro","1413",""
"1429","Orca Pick Up","1413",""
"1473","Logistar 200","1415",""
"1471","Metro","1415",""
"1474","Orca","1417",""
"1475","D2S","1418",""
"1501","Spartan","1419",""
"1507","5","1420",""
"1522","3","1421",""